Word1,Word2,Weight
国家,卫生,2
国家,健康,2
国家,中国,3
国家,支援,3
国家,新冠,4
国家,肺炎,4
国家,疫情,4
国家,防控,2
国家,工作,2
国家,人民网,2
国家,北京,5
国家,日电,4
国家,记者,3
国家,医疗,4
国家,救治,3
国家,物资,2
国家,派出,2
国家,,7
国家,湖北,3
国家,捐赠,2
国家,医疗队,4
国家,医院,3
国家,武汉,4
国家,累计,3
国家,队员,2
国家,介绍,3
国家,对于,2
国家,相关,2
国家,患者,5
国家,重症,4
国家,开展,2
国家,治疗,4
国家,目前,4
国家,其中,3
国家,治愈,3
国家,出院,3
国家,可以,2
国家,使用,2
国家,中药,2
国家,病例,2
国家,确诊,2
国家,新增,2
国家,现有,2
国家,省份,2
国家,全国,2
国家,本报,2
国家,截至,4
国家,新疆生产建设兵团,2
国家,死亡,2
国家,方案,2
国家,重型,2
国家,接受,2
国家,国务院,2
国家,联防,2
国家,联控,2
卫生,健康,2
卫生,中国,2
卫生,新冠,2
卫生,肺炎,2
卫生,人民网,2
卫生,北京,2
卫生,日电,2
卫生,,2
健康,中国,2
健康,支援,2
健康,新冠,2
健康,肺炎,2
健康,疫情,2
健康,防控,2
健康,工作,2
健康,人民网,2
健康,北京,3
健康,日电,2
健康,救治,2
健康,,4
健康,湖北,2
健康,医院,2
健康,武汉,3
健康,患者,2
健康,重症,2
健康,医护人员,2
健康,治疗,2
健康,进行,2
健康,隔离,2
健康,他们,2
健康,为了,2
中国红十字会,中国,2
中国红十字会,专家组,2
中国红十字会,新冠,2
中国红十字会,肺炎,2
中国红十字会,红十字会,2
中国红十字会,救治,2
中国红十字会,,2
中国,专家组,2
中国,新冠,5
中国,肺炎,5
中国,疫情,5
中国,防控,4
中国,工作,4
中国,红十字会,2
中国,人民网,2
中国,北京,5
中国,日电,4
中国,记者,3
中国,救治,4
中国,物资,2
中国,,7
中国,湖北,2
中国,捐赠,5
中国,医院,2
中国,医务人员,2
中国,武汉,3
中国,万元,2
中国,一线,2
中国,相关,2
中国,患者,3
中国,重症,2
中国,开展,2
中国,治疗,3
中国,其中,2
中国,使用,3
中国,截至,2
中国,采购,2
中国,托珠,2
中国,单抗,2
中国,方案,2
中国,注射液,2
中国,临床,2
中国,中国红十字会总会,3
中国,万支,2
中国,重型,2
中国,接受,3
中国,通过,2
中国,用于,3
中国,基金会,2
中国,运抵,2
中国,红十字,2
中国,安排,2
中国,共计,2
专家组,新冠,2
专家组,肺炎,2
专家组,红十字会,2
专家组,救治,2
专家组,,2
支援,新冠,6
支援,肺炎,6
支援,疫情,16
支援,防控,12
支援,工作,10
支援,专家,3
支援,日电,5
支援,记者,4
支援,组建,2
支援,携带,2
支援,医疗,12
支援,救治,10
支援,物资,13
支援,之后,2
支援,派出,5
支援,团队,3
支援,来自,2
支援,,22
支援,湖北,18
支援,海南,2
支援,荆州,4
支援,捐赠,8
支援,驰援,5
支援,批次,2
支援,医疗队,16
支援,冷链,2
支援,海南省,2
支援,前方,4
支援,医院,15
支援,指挥部,6
支援,远程,3
支援,专列,2
支援,蔬菜,2
支援,第一批,4
支援,爱心,2
支援,果蔬,2
支援,发生,3
支援,以来,2
支援,踊跃,2
支援,有限公司,3
支援,医务人员,4
支援,我们,13
支援,生活,4
支援,武汉,16
支援,社会各界,2
支援,先后,5
支援,保障,5
支援,万元,4
支援,救护车,2
支援,接收,2
支援,价值,3
支援,集团,2
支援,累计,6
支援,负压,2
支援,对口,7
支援,亿元,4
支援,多名,2
支援,队员,11
支援,奋战,2
支援,小时,2
支援,运输,3
支援,设备,3
支援,生产,4
支援,一线,10
支援,湖北省,4
支援,社会,2
支援,总价值,2
支援,企业,2
支援,介绍,2
支援,医用,4
支援,口罩,4
支援,防护,2
支援,防护服,3
支援,作为,3
支援,患者,13
支援,重症,6
支援,抵达,4
支援,就是,2
支援,开展,4
支援,你们,2
支援,护目镜,2
支援,抗疫,3
支援,医学科,2
支援,呼吸,3
支援,一名,2
支援,医护人员,9
支援,收治,3
支援,治疗,5
支援,目前,5
支援,其中,4
支援,治愈,3
支援,进行,3
支援,方舱,4
支援,出院,5
支援,生命,2
支援,人员,2
支援,截至,6
支援,武汉市,3
支援,进入,2
支援,人民,7
支援,病区,5
支援,病情,3
支援,第一,4
支援,接管,3
支援,队长,2
支援,危重症,3
支援,陕西省,2
支援,哪里,2
支援,行动,2
支援,组织,2
支援,供应,2
支援,战疫,4
支援,抗击,3
支援,需求,2
支援,紧急,2
支援,一个,2
支援,黑龙江,2
支援,黑龙江省,2
支援,来到,2
支援,心理,4
支援,两个,2
支援,他们,3
支援,孝感市,2
支援,首批,2
支援,标题,3
支援,出发,2
支援,进驻,2
支援,表示,4
支援,当地,2
支援,情绪,3
支援,武钢,2
支援,这个,2
支援,出征,2
支援,万套,2
支援,部门,3
支援,河北省,2
支援,制作,2
支援,疏导,2
支援,组成,2
支援,奔赴,2
支援,援助,5
支援,新华社,2
支援,王贤,2
支援,按照,2
支援,下午,2
支援,满载,2
支援,这批,3
支援,共计,2
支援,余吨,2
新冠,肺炎,18
新冠,疫情,12
新冠,防控,9
新冠,工作,9
新冠,专家,3
新冠,红十字会,3
新冠,人民网,2
新冠,北京,5
新冠,日电,6
新冠,记者,7
新冠,医疗,6
新冠,救治,5
新冠,物资,5
新冠,之后,2
新冠,派出,3
新冠,团队,2
新冠,成员,2
新冠,来自,2
新冠,,18
新冠,湖北,8
新冠,捐赠,8
新冠,驰援,2
新冠,医疗队,4
新冠,医院,7
新冠,指挥部,3
新冠,远程,2
新冠,爱心,2
新冠,踊跃,2
新冠,有限公司,2
新冠,医务人员,2
新冠,我们,4
新冠,武汉,7
新冠,辽宁,2
新冠,襄阳,2
新冠,保障,3
新冠,万元,5
新冠,接收,3
新冠,价值,2
新冠,累计,4
新冠,亿元,4
新冠,队员,4
新冠,平台,2
新冠,沈阳,2
新冠,小时,2
新冠,会诊,2
新冠,运输,2
新冠,设备,2
新冠,提供,3
新冠,生产,3
新冠,一线,6
新冠,数据,3
新冠,湖北省,5
新冠,慈善,2
新冠,社会,2
新冠,介绍,2
新冠,对于,2
新冠,口罩,3
新冠,防护,2
新冠,防护服,2
新冠,患者,8
新冠,重症,6
新冠,开展,2
新冠,抗疫,3
新冠,医学科,2
新冠,一名,2
新冠,医护人员,5
新冠,收治,3
新冠,治疗,5
新冠,其中,4
新冠,治愈,2
新冠,进行,4
新冠,方舱,2
新冠,出院,2
新冠,可以,3
新冠,使用,3
新冠,中药,2
新冠,确诊,2
新冠,全国,4
新冠,截至,4
新冠,附属,2
新冠,第一,4
新冠,时间,3
新冠,他们,4
新冠,托珠,2
新冠,单抗,2
新冠,注射液,2
新冠,临床,2
新冠,中国红十字会总会,2
新冠,万支,2
新冠,实验室,2
新冠,检测,2
新冠,标题,3
新冠,医生,2
新冠,经过,2
新冠,出发,2
新冠,护士,2
新冠,自己,2
新冠,感染,2
新冠,通过,3
新冠,新华社,3
新冠,年月日时,2
新冠,用于,2
新冠,支持,2
新冠,中心医院,2
新冠,共计,3
新冠,国务院,2
新冠,正在,2
新冠,捐款,2
新冠,响应,2
新冠,党中央,2
新冠,号召,2
新冠,共产党员,2
新冠,表达,2
新冠,活动,2
新冠,责编,2
新冠,获悉,2
新冠,工作人员,2
新冠,一起,2
肺炎,疫情,12
肺炎,防控,9
肺炎,工作,9
肺炎,专家,3
肺炎,红十字会,3
肺炎,人民网,2
肺炎,北京,5
肺炎,日电,6
肺炎,记者,7
肺炎,医疗,6
肺炎,救治,5
肺炎,物资,5
肺炎,之后,2
肺炎,派出,3
肺炎,团队,2
肺炎,成员,2
肺炎,来自,2
肺炎,,18
肺炎,湖北,8
肺炎,捐赠,8
肺炎,驰援,2
肺炎,医疗队,4
肺炎,医院,7
肺炎,指挥部,3
肺炎,远程,2
肺炎,爱心,2
肺炎,踊跃,2
肺炎,有限公司,2
肺炎,医务人员,2
肺炎,我们,4
肺炎,武汉,7
肺炎,辽宁,2
肺炎,襄阳,2
肺炎,保障,3
肺炎,万元,5
肺炎,接收,3
肺炎,价值,2
肺炎,累计,4
肺炎,亿元,4
肺炎,队员,4
肺炎,平台,2
肺炎,沈阳,2
肺炎,小时,2
肺炎,会诊,2
肺炎,运输,2
肺炎,设备,2
肺炎,提供,3
肺炎,生产,3
肺炎,一线,6
肺炎,数据,3
肺炎,湖北省,5
肺炎,慈善,2
肺炎,社会,2
肺炎,介绍,2
肺炎,对于,2
肺炎,口罩,3
肺炎,防护,2
肺炎,防护服,2
肺炎,患者,8
肺炎,重症,6
肺炎,开展,2
肺炎,抗疫,3
肺炎,医学科,2
肺炎,一名,2
肺炎,医护人员,5
肺炎,收治,3
肺炎,治疗,5
肺炎,其中,4
肺炎,治愈,2
肺炎,进行,4
肺炎,方舱,2
肺炎,出院,2
肺炎,可以,3
肺炎,使用,3
肺炎,中药,2
肺炎,确诊,2
肺炎,全国,4
肺炎,截至,4
肺炎,附属,2
肺炎,第一,4
肺炎,时间,3
肺炎,他们,4
肺炎,托珠,2
肺炎,单抗,2
肺炎,注射液,2
肺炎,临床,2
肺炎,中国红十字会总会,2
肺炎,万支,2
肺炎,实验室,2
肺炎,检测,2
肺炎,标题,3
肺炎,医生,2
肺炎,经过,2
肺炎,出发,2
肺炎,护士,2
肺炎,自己,2
肺炎,感染,2
肺炎,通过,3
肺炎,新华社,3
肺炎,年月日时,2
肺炎,用于,2
肺炎,支持,2
肺炎,中心医院,2
肺炎,共计,3
肺炎,国务院,2
肺炎,正在,2
肺炎,捐款,2
肺炎,响应,2
肺炎,党中央,2
肺炎,号召,2
肺炎,共产党员,2
肺炎,表达,2
肺炎,活动,2
肺炎,责编,2
肺炎,获悉,2
肺炎,工作人员,2
肺炎,一起,2
疫情,防控,24
疫情,工作,21
疫情,专家,3
疫情,红十字会,2
疫情,人民网,2
疫情,北京,10
疫情,日电,11
疫情,记者,14
疫情,组建,2
疫情,携带,2
疫情,大批,2
疫情,医疗,10
疫情,救治,8
疫情,物资,19
疫情,派出,4
疫情,团队,3
疫情,成员,2
疫情,来自,2
疫情,,38
疫情,湖北,23
疫情,海南,2
疫情,荆州,4
疫情,捐赠,18
疫情,驰援,7
疫情,医疗队,14
疫情,冷链,2
疫情,海南省,2
疫情,前方,4
疫情,医院,16
疫情,指挥部,7
疫情,远程,3
疫情,专列,2
疫情,蔬菜,5
疫情,运送,3
疫情,第一批,3
疫情,爱心,5
疫情,果蔬,2
疫情,发生,4
疫情,以来,4
疫情,踊跃,3
疫情,有限公司,7
疫情,完成,2
疫情,医务人员,5
疫情,我们,14
疫情,生活,4
疫情,武汉,20
疫情,社会各界,2
疫情,先后,3
疫情,保障,6
疫情,万元,11
疫情,救护车,2
疫情,接收,3
疫情,价值,5
疫情,集团,2
疫情,紧缺,2
疫情,累计,5
疫情,负压,2
疫情,对口,7
疫情,亿元,6
疫情,多名,2
疫情,队员,7
疫情,平台,2
疫情,运输,3
疫情,提供,5
疫情,生产,8
疫情,一线,14
疫情,数据,2
疫情,湖北省,9
疫情,慈善,2
疫情,社会,2
疫情,总价值,2
疫情,款物,2
疫情,应急,2
疫情,企业,6
疫情,如何,2
疫情,安全,2
疫情,迅速,2
疫情,介绍,4
疫情,参与,2
疫情,技术,3
疫情,董事长,2
疫情,处理,2
疫情,包括,2
疫情,复工,4
疫情,火神,2
疫情,神山,2
疫情,一方面,2
疫情,工人,2
疫情,医用,6
疫情,口罩,7
疫情,资金,4
疫情,防护,2
疫情,河南,2
疫情,承担,2
疫情,相关,5
疫情,地区,3
疫情,每天,3
疫情,防护服,4
疫情,价格,2
疫情,决心,2
疫情,必须,2
疫情,立刻,2
疫情,作为,2
疫情,患者,11
疫情,重症,5
疫情,抵达,4
疫情,就是,5
疫情,开展,4
疫情,你们,2
疫情,护目镜,2
疫情,现在,2
疫情,抗疫,8
疫情,呼吸,2
疫情,一名,2
疫情,医护人员,12
疫情,收治,2
疫情,培训,2
疫情,治疗,3
疫情,目前,5
疫情,其中,7
疫情,治愈,2
疫情,进行,5
疫情,方舱,3
疫情,出院,4
疫情,病例,2
疫情,确诊,4
疫情,新增,2
疫情,以外,2
疫情,省份,2
疫情,人员,5
疫情,措施,3
疫情,全国,8
疫情,已有,2
疫情,正常,3
疫情,优秀,2
疫情,本报,3
疫情,截至,8
疫情,防疫,4
疫情,党员,2
疫情,队伍,2
疫情,滞留,2
疫情,任务,2
疫情,需要,2
疫情,近日,2
疫情,全部,2
疫情,武汉市,3
疫情,成为,2
疫情,人民,8
疫情,病区,2
疫情,病情,2
疫情,第一,4
疫情,广大,2
疫情,行动,2
疫情,组织,4
疫情,联系,2
疫情,采购,3
疫情,供应,2
疫情,战疫,3
疫情,抗击,5
疫情,需求,3
疫情,助力,3
疫情,阻击战,3
疫情,时间,3
疫情,特别,2
疫情,在线,2
疫情,紧急,3
疫情,一个,3
疫情,来到,2
疫情,心理,2
疫情,他们,7
疫情,实验室,2
疫情,检测,2
疫情,标题,4
疫情,医生,2
疫情,表示,6
疫情,当地,3
疫情,运往,2
疫情,新鲜,2
疫情,病人,3
疫情,护士,2
疫情,情绪,2
疫情,自己,4
疫情,希望,2
疫情,告诉,2
疫情,情况,3
疫情,样本,2
疫情,这个,2
疫情,大家,2
疫情,同济,2
疫情,战斗,2
疫情,感染,2
疫情,一批,2
疫情,离开,2
疫情,书记,2
疫情,出征,2
疫情,万粒,2
疫情,万套,2
疫情,部门,3
疫情,河北省,2
疫情,接受,4
疫情,通过,3
疫情,制作,2
疫情,加强,2
疫情,组成,2
疫情,奔赴,2
疫情,援助,5
疫情,公司,2
疫情,新华社,3
疫情,市场,2
疫情,年月日时,2
疫情,日时,2
疫情,按照,3
疫情,用于,2
疫情,支持,5
疫情,运抵,2
疫情,孝感,2
疫情,江苏,2
疫情,安排,3
疫情,中心医院,4
疫情,十堰,2
疫情,安徽,2
疫情,内蒙古,2
疫情,下午,3
疫情,服务,3
疫情,当天,2
疫情,满载,2
疫情,这批,3
疫情,共计,4
疫情,以及,2
疫情,国务院,3
疫情,联防,2
疫情,联控,2
疫情,正在,3
疫情,中新网,2
疫情,装车,2
疫情,余家,2
疫情,志愿者,4
疫情,捐款,2
疫情,响应,2
疫情,党中央,2
疫情,号召,2
疫情,共产党员,2
疫情,表达,2
疫情,活动,3
疫情,责编,2
疫情,获悉,3
疫情,此次,2
疫情,监测,2
疫情,工作人员,3
疫情,期间,2
疫情,病毒,2
疫情,出来,2
疫情,血浆,2
疫情,调查,2
疫情,前线,2
疫情,余吨,2
疫情,父亲,2
疫情,一起,4
疫情,机构,2
疫情,比较,2
疫情,通知,2
疫情,逆行,2
疫情,免费,2
疫情,积极,2
疫情,一级,2
疫情,机制,2
疫情,发布会,2
疫情,因为,2
疫情,及时,2
疫情,已经,2
疫情,各地,2
疫情,新区,2
疫情,同时,2
防控,工作,16
防控,红十字会,2
防控,人民网,2
防控,北京,7
防控,日电,9
防控,记者,9
防控,组建,2
防控,医疗,7
防控,救治,4
防控,物资,14
防控,派出,3
防控,来自,2
防控,,25
防控,湖北,17
防控,海南,2
防控,荆州,3
防控,捐赠,15
防控,驰援,5
防控,医疗队,8
防控,冷链,2
防控,海南省,2
防控,前方,4
防控,医院,10
防控,指挥部,7
防控,远程,3
防控,专列,2
防控,蔬菜,5
防控,第一批,2
防控,爱心,3
防控,果蔬,2
防控,发生,3
防控,以来,4
防控,踊跃,3
防控,有限公司,4
防控,医务人员,4
防控,我们,7
防控,生活,3
防控,武汉,13
防控,社会各界,2
防控,保障,7
防控,万元,10
防控,救护车,2
防控,接收,3
防控,价值,3
防控,集团,3
防控,累计,4
防控,负压,2
防控,对口,4
防控,亿元,5
防控,多名,2
防控,队员,4
防控,平台,2
防控,运输,2
防控,提供,3
防控,生产,6
防控,一线,10
防控,数据,2
防控,湖北省,8
防控,慈善,2
防控,社会,2
防控,总价值,2
防控,款物,2
防控,企业,4
防控,介绍,2
防控,复工,2
防控,火神,2
防控,医用,6
防控,口罩,3
防控,资金,3
防控,相关,3
防控,地区,2
防控,防护服,2
防控,患者,4
防控,重症,2
防控,抵达,4
防控,就是,2
防控,开展,3
防控,护目镜,2
防控,抗疫,5
防控,呼吸,2
防控,医护人员,6
防控,培训,2
防控,目前,2
防控,其中,4
防控,进行,4
防控,人员,3
防控,全国,6
防控,正常,2
防控,本报,2
防控,截至,5
防控,防疫,4
防控,党员,2
防控,滞留,2
防控,任务,2
防控,需要,2
防控,近日,2
防控,全部,2
防控,武汉市,3
防控,人民,4
防控,广大,2
防控,行动,3
防控,组织,4
防控,联系,2
防控,采购,3
防控,供应,3
防控,战疫,2
防控,抗击,2
防控,需求,3
防控,助力,2
防控,阻击战,3
防控,特别,2
防控,紧急,2
防控,表示,2
防控,一批,2
防控,书记,2
防控,万粒,2
防控,万套,2
防控,部门,3
防控,河北省,2
防控,接受,3
防控,通过,2
防控,制作,2
防控,加强,2
防控,援助,3
防控,山西,2
防控,山西省,2
防控,太原,2
防控,以上,2
防控,新华社,3
防控,市场,2
防控,年月日时,2
防控,日时,2
防控,按照,3
防控,用于,2
防控,支持,5
防控,运抵,2
防控,江苏,2
防控,安排,3
防控,中心医院,2
防控,十堰,2
防控,安徽,2
防控,内蒙古,2
防控,下午,3
防控,服务,3
防控,满载,2
防控,这批,3
防控,共计,3
防控,国务院,2
防控,正在,2
防控,中新网,2
防控,装车,2
防控,余家,2
防控,志愿者,3
防控,捐款,2
防控,响应,2
防控,党中央,2
防控,号召,2
防控,共产党员,2
防控,表达,2
防控,活动,2
防控,责编,2
防控,获悉,3
防控,监测,2
防控,工作人员,3
防控,期间,2
防控,余吨,2
防控,父亲,2
防控,机构,2
防控,一级,2
防控,各地,2
工作,专家,2
工作,红十字会,2
工作,人民网,2
工作,北京,8
工作,日电,8
工作,记者,8
工作,组建,2
工作,医疗,9
工作,救治,7
工作,物资,11
工作,上海,2
工作,派出,3
工作,团队,3
工作,来自,2
工作,,24
工作,湖北,15
工作,海南,2
工作,荆州,2
工作,捐赠,10
工作,驰援,4
工作,批次,2
工作,医疗队,10
工作,冷链,2
工作,海南省,2
工作,前方,4
工作,医院,10
工作,指挥部,6
工作,远程,2
工作,专列,2
工作,蔬菜,3
工作,第一批,2
工作,爱心,3
工作,果蔬,2
工作,以来,3
工作,踊跃,3
工作,负责人,2
工作,有限公司,3
工作,医务人员,3
工作,我们,9
工作,生活,3
工作,武汉,12
工作,社会各界,2
工作,先后,3
工作,保障,3
工作,万元,6
工作,接收,2
工作,累计,4
工作,对口,3
工作,亿元,3
工作,多名,3
工作,队员,6
工作,奋战,2
工作,小时,2
工作,运输,2
工作,生产,2
工作,一线,5
工作,湖北省,5
工作,介绍,2
工作,医用,4
工作,口罩,3
工作,资金,2
工作,防护,2
工作,相关,3
工作,地区,2
工作,每天,2
工作,防护服,2
工作,患者,8
工作,重症,6
工作,抵达,4
工作,就是,4
工作,开展,4
工作,你们,2
工作,护目镜,2
工作,现在,2
工作,抗疫,5
工作,一名,3
工作,医护人员,9
工作,收治,2
工作,培训,2
工作,治疗,3
工作,目前,2
工作,其中,6
工作,进行,3
工作,方舱,4
工作,出院,2
工作,生命,2
工作,确诊,2
工作,人员,3
工作,全国,4
工作,截至,6
工作,救援,2
工作,防疫,2
工作,党员,2
工作,滞留,2
工作,全部,2
工作,武汉市,2
工作,附属,2
工作,人民,5
工作,病区,4
工作,武汉大学,2
工作,病情,3
工作,危重,2
工作,第一,2
工作,接管,2
工作,队长,2
工作,危重症,3
工作,一天,2
工作,组织,2
工作,抗击,2
工作,时间,3
工作,紧急,2
工作,一个,2
工作,他们,5
工作,为了,2
工作,医生,2
工作,表示,2
工作,当地,2
工作,病人,4
工作,护士,2
工作,自己,3
工作,告诉,2
工作,情况,3
工作,院区,2
工作,管理,2
工作,精神,2
工作,领队,2
工作,战斗,2
工作,感染,2
工作,部门,2
工作,接受,2
工作,通过,2
工作,援助,2
工作,新华社,3
工作,年月日时,2
工作,日时,2
工作,按照,2
工作,支持,3
工作,安排,2
工作,下午,4
工作,服务,3
工作,当天,2
工作,满载,2
工作,这批,2
工作,共计,3
工作,国务院,3
工作,联防,2
工作,联控,2
工作,正在,2
工作,志愿者,2
工作,捐款,2
工作,响应,2
工作,党中央,2
工作,号召,2
工作,共产党员,2
工作,表达,2
工作,活动,2
工作,责编,2
工作,获悉,3
工作,此次,2
工作,监测,2
工作,工作人员,3
工作,前线,2
工作,余吨,2
工作,一起,2
工作,通知,2
工作,一级,2
工作,机制,2
工作,发布会,2
工作,因为,2
工作,已经,3
工作,各地,2
工作,同时,2
专家,日电,2
专家,记者,3
专家,医疗,4
专家,救治,3
专家,物资,2
专家,团队,4
专家,成员,2
专家,,5
专家,医院,2
专家,医务人员,2
专家,我们,2
专家,队员,2
专家,患者,4
专家,重症,2
专家,医护人员,2
专家,确诊,2
专家,第一,2
专家,战疫,2
专家,时间,2
专家,一个,2
专家,他们,2
专家,标题,2
专家,感染,2
红十字会,日电,2
红十字会,记者,2
红十字会,救治,2
红十字会,,3
红十字会,捐赠,2
红十字会,一线,2
红十字会,共计,2
人民网,北京,3
人民网,日电,3
人民网,记者,2
人民网,物资,2
人民网,,3
人民网,武汉,2
北京,日电,8
北京,记者,6
北京,医疗,4
北京,救治,3
北京,物资,5
北京,,13
北京,湖北,5
北京,捐赠,5
北京,医疗队,2
北京,医院,3
北京,以来,2
北京,医务人员,2
北京,我们,2
北京,武汉,6
北京,万元,3
北京,累计,2
北京,亿元,2
北京,一线,3
北京,数据,2
北京,湖北省,2
北京,应急,2
北京,介绍,4
北京,对于,3
北京,火神,2
北京,神山,2
北京,相关,2
北京,患者,3
北京,重症,3
北京,开展,2
北京,医护人员,2
北京,治疗,3
北京,目前,3
北京,其中,6
北京,治愈,2
北京,进行,3
北京,出院,2
北京,使用,2
北京,病例,3
北京,确诊,3
北京,新增,3
北京,现有,2
北京,以外,2
北京,省份,3
北京,人员,3
北京,全国,6
北京,已有,2
北京,正常,2
北京,本报,3
北京,截至,5
北京,新疆生产建设兵团,2
北京,死亡,2
北京,救援,2
北京,防疫,2
北京,党员,2
北京,滞留,2
北京,任务,2
北京,武汉市,2
北京,为了,2
北京,方案,2
北京,中国红十字会总会,2
北京,重型,2
北京,接受,2
北京,新华社,2
北京,用于,2
北京,浙江,2
北京,支持,2
北京,安排,2
北京,下午,2
北京,指导,2
北京,国务院,3
北京,联防,3
北京,联控,3
北京,获悉,2
北京,此次,2
北京,监测,2
北京,机制,2
北京,发布会,2
北京,已经,2
日电,记者,10
日电,医疗,2
日电,救治,2
日电,物资,5
日电,团队,2
日电,,13
日电,湖北,4
日电,捐赠,6
日电,医疗队,2
日电,医院,2
日电,以来,2
日电,踊跃,2
日电,医务人员,3
日电,武汉,7
日电,万元,3
日电,累计,2
日电,亿元,3
日电,一线,6
日电,湖北省,3
日电,介绍,2
日电,相关,2
日电,患者,4
日电,重症,2
日电,抵达,2
日电,开展,3
日电,抗疫,2
日电,医护人员,2
日电,治疗,2
日电,目前,4
日电,其中,4
日电,进行,2
日电,病例,2
日电,确诊,2
日电,新增,2
日电,以外,2
日电,省份,2
日电,人员,2
日电,全国,6
日电,已有,2
日电,优秀,2
日电,本报,3
日电,截至,5
日电,救援,2
日电,党员,2
日电,突击队,2
日电,转运,2
日电,近日,2
日电,全部,2
日电,武汉市,2
日电,进入,2
日电,战疫,2
日电,心理,2
日电,方案,2
日电,重型,2
日电,日前,2
日电,标题,2
日电,情绪,2
日电,制作,2
日电,疏导,2
日电,新华社,4
日电,王贤,2
日电,年月日时,2
日电,日时,2
日电,按照,2
日电,共计,2
日电,国务院,2
日电,联防,2
日电,联控,2
日电,中新网,2
日电,共产党员,2
日电,获悉,3
日电,机制,2
日电,发布会,2
记者,医疗,2
记者,救治,2
记者,物资,5
记者,团队,3
记者,成员,2
记者,,15
记者,湖北,5
记者,捐赠,6
记者,驰援,2
记者,医疗队,3
记者,医院,3
记者,蔬菜,2
记者,医务人员,3
记者,武汉,6
记者,万元,5
记者,累计,2
记者,亿元,2
记者,提供,2
记者,一线,6
记者,湖北省,3
记者,迅速,2
记者,介绍,2
记者,口罩,3
记者,相关,2
记者,患者,5
记者,重症,2
记者,抵达,2
记者,开展,3
记者,抗疫,2
记者,医护人员,4
记者,目前,4
记者,其中,4
记者,进行,2
记者,病例,2
记者,确诊,3
记者,新增,2
记者,以外,2
记者,省份,2
记者,人员,2
记者,措施,2
记者,全国,5
记者,正常,2
记者,优秀,2
记者,本报,3
记者,截至,4
记者,救援,2
记者,突击队,2
记者,需要,2
记者,转运,2
记者,近日,2
记者,全部,2
记者,进入,2
记者,第一,2
记者,战疫,2
记者,时间,2
记者,心理,2
记者,他们,3
记者,标题,3
记者,表示,2
记者,病人,2
记者,情绪,2
记者,自己,2
记者,大家,2
记者,疏导,2
记者,新华社,3
记者,王贤,2
记者,市场,2
记者,年月日时,2
记者,日时,2
记者,中心医院,2
记者,共计,2
记者,国务院,2
记者,联防,2
记者,联控,2
记者,获悉,3
记者,期间,2
记者,出来,2
记者,血浆,2
记者,一起,3
记者,比较,2
记者,积极,2
记者,机制,2
记者,发布会,2
记者,已经,2
组建,医疗,2
组建,物资,2
组建,,2
携带,救治,2
携带,,2
大批,物资,2
大批,,2
医疗,救治,8
医疗,物资,12
医疗,上海,2
医疗,派出,3
医疗,团队,4
医疗,来自,2
医疗,,17
医疗,湖北,12
医疗,捐赠,6
医疗,驰援,3
医疗,批次,2
医疗,医疗队,10
医疗,冷链,2
医疗,前方,4
医疗,医院,12
医疗,指挥部,4
医疗,远程,4
医疗,专列,2
医疗,蔬菜,2
医疗,爱心,2
医疗,果蔬,2
医疗,发生,2
医疗,以来,2
医疗,负责人,2
医疗,有限公司,4
医疗,医务人员,4
医疗,我们,9
医疗,生活,5
医疗,武汉,10
医疗,先后,3
医疗,辽宁,2
医疗,襄阳,2
医疗,保障,3
医疗,万元,4
医疗,救护车,2
医疗,价值,2
医疗,紧缺,2
医疗,累计,5
医疗,负压,2
医疗,对口,6
医疗,亿元,2
医疗,多名,3
医疗,队员,8
医疗,奋战,3
医疗,沈阳,2
医疗,小时,3
医疗,会诊,2
医疗,运输,4
医疗,设备,3
医疗,生产,4
医疗,一线,4
医疗,数据,2
医疗,湖北省,3
医疗,企业,2
医疗,如何,2
医疗,迅速,2
医疗,介绍,3
医疗,技术,2
医疗,包括,2
医疗,问题,2
医疗,对于,2
医疗,神山,2
医疗,一方面,2
医疗,医用,3
医疗,口罩,2
医疗,防护,2
医疗,防护服,2
医疗,患者,10
医疗,重症,7
医疗,抵达,3
医疗,开展,2
医疗,你们,2
医疗,一名,2
医疗,医护人员,5
医疗,治疗,4
医疗,目前,4
医疗,其中,6
医疗,治愈,4
医疗,进行,3
医疗,方舱,4
医疗,出院,4
医疗,生命,2
医疗,可以,2
医疗,中药,2
医疗,确诊,2
医疗,截至,5
医疗,救援,2
医疗,附属,3
医疗,人民,3
医疗,病区,3
医疗,病情,2
医疗,第一,2
医疗,接管,2
医疗,队长,2
医疗,危重症,3
医疗,陕西省,2
医疗,组织,2
医疗,战疫,2
医疗,抗击,2
医疗,时间,3
医疗,紧急,3
医疗,一个,2
医疗,他们,2
医疗,表示,2
医疗,当地,3
医疗,院区,2
医疗,管理,2
医疗,主任,2
医疗,领队,2
医疗,感染,2
医疗,部门,3
医疗,河北省,2
医疗,服务平台,2
医疗,援助,2
医疗,下午,3
医疗,当天,2
医疗,满载,2
医疗,这批,2
医疗,余吨,2
救治,物资,5
救治,上海,2
救治,之后,2
救治,派出,3
救治,团队,3
救治,,15
救治,湖北,10
救治,海南,2
救治,荆州,3
救治,捐赠,3
救治,驰援,3
救治,批次,2
救治,医疗队,10
救治,冷链,2
救治,海南省,2
救治,前方,3
救治,医院,11
救治,指挥部,2
救治,远程,2
救治,第一批,5
救治,医务人员,6
救治,我们,8
救治,生活,2
救治,武汉,9
救治,先后,2
救治,累计,3
救治,对口,3
救治,多名,2
救治,队员,8
救治,奋战,2
救治,小时,2
救治,运输,2
救治,一线,5
救治,介绍,3
救治,神山,2
救治,防护,2
救治,相关,2
救治,防护服,2
救治,作为,3
救治,患者,12
救治,重症,8
救治,抵达,2
救治,开展,4
救治,你们,3
救治,抗疫,2
救治,医学科,3
救治,呼吸,2
救治,一名,3
救治,医护人员,8
救治,收治,3
救治,黄冈,2
救治,治疗,6
救治,目前,4
救治,其中,5
救治,治愈,4
救治,进行,4
救治,方舱,4
救治,出院,4
救治,生命,2
救治,使用,3
救治,截至,4
救治,武汉市,3
救治,附属,3
救治,人民,4
救治,病区,5
救治,危重,2
救治,第一,3
救治,接管,3
救治,危重症,4
救治,哪里,2
救治,战疫,2
救治,时间,2
救治,一个,2
救治,来到,2
救治,两个,2
救治,他们,4
救治,中国红十字会总会,2
救治,福建,2
救治,金银,2
救治,经过,2
救治,连夜,2
救治,表示,3
救治,当地,2
救治,病人,2
救治,情况,2
救治,院区,2
救治,管理,2
救治,主任,2
救治,同济,2
救治,感染,2
救治,接受,2
救治,用于,2
救治,基金会,2
救治,红十字,2
救治,安排,2
物资,派出,2
物资,团队,2
物资,来自,2
物资,,23
物资,湖北,16
物资,捐赠,13
物资,驰援,5
物资,批次,2
物资,医疗队,8
物资,冷链,2
物资,前方,3
物资,医院,13
物资,指挥部,5
物资,远程,3
物资,专列,2
物资,蔬菜,2
物资,运送,3
物资,爱心,4
物资,果蔬,2
物资,发生,3
物资,以来,2
物资,踊跃,2
物资,负责人,2
物资,有限公司,7
物资,医务人员,3
物资,我们,10
物资,生活,4
物资,武汉,16
物资,社会各界,2
物资,先后,3
物资,保障,7
物资,万元,7
物资,救护车,2
物资,接收,2
物资,价值,4
物资,集团,3
物资,紧缺,3
物资,累计,5
物资,负压,2
物资,对口,5
物资,亿元,3
物资,多名,3
物资,队员,4
物资,奋战,2
物资,小时,3
物资,运输,4
物资,设备,2
物资,提供,3
物资,生产,9
物资,一线,10
物资,湖北省,8
物资,社会,2
物资,总价值,2
物资,款物,2
物资,应急,2
物资,企业,7
物资,迅速,2
物资,介绍,2
物资,技术,2
物资,董事长,2
物资,包括,2
物资,问题,2
物资,复工,4
物资,火神,3
物资,神山,2
物资,一方面,2
物资,工人,2
物资,医用,8
物资,口罩,7
物资,资金,4
物资,防护,2
物资,河南,2
物资,承担,2
物资,相关,3
物资,地区,3
物资,防护服,4
物资,患者,5
物资,重症,2
物资,抵达,4
物资,就是,2
物资,抗疫,3
物资,医护人员,4
物资,目前,3
物资,其中,4
物资,方舱,2
物资,人员,2
物资,全国,3
物资,截至,5
物资,救援,3
物资,防疫,4
物资,队伍,2
物资,突击队,2
物资,任务,2
物资,转运,2
物资,全部,2
物资,武汉市,4
物资,成为,2
物资,进入,2
物资,陕西,2
物资,附属,2
物资,人民,6
物资,武汉大学,2
物资,病情,2
物资,第一,2
物资,队长,2
物资,一天,2
物资,陕西省,2
物资,行动,2
物资,组织,3
物资,采购,2
物资,供应,3
物资,战疫,2
物资,抗击,4
物资,需求,2
物资,助力,3
物资,阻击战,2
物资,时间,2
物资,在线,2
物资,紧急,4
物资,他们,2
物资,标题,4
物资,表示,2
物资,当地,2
物资,自己,2
物资,同济,2
物资,万粒,2
物资,万套,2
物资,部门,3
物资,河北省,2
物资,接受,2
物资,援助,2
物资,公司,3
物资,集团公司,2
物资,新华社,2
物资,王贤,2
物资,按照,2
物资,浙江,2
物资,支持,2
物资,江苏,2
物资,安排,2
物资,中心医院,3
物资,十堰,2
物资,安徽,2
物资,内蒙古,2
物资,下午,3
物资,服务,2
物资,当天,2
物资,满载,2
物资,这批,3
物资,以及,2
物资,志愿者,2
物资,余吨,2
物资,搬运,2
物资,做好,2
物资,一起,2
物资,通知,2
物资,各地,2
上海,团队,2
上海,,2
之后,,2
派出,来自,2
派出,,5
派出,湖北,4
派出,医疗队,3
派出,医院,2
派出,我们,2
派出,武汉,4
派出,队员,3
派出,一线,3
派出,患者,2
派出,重症,2
派出,开展,2
派出,抗疫,2
派出,医护人员,3
派出,收治,2
派出,治疗,2
派出,抗击,2
团队,成员,2
团队,,5
团队,湖北,2
团队,医疗队,2
团队,医院,2
团队,医务人员,2
团队,我们,2
团队,武汉,2
团队,队员,2
团队,患者,4
团队,重症,2
团队,其中,2
团队,确诊,2
团队,病区,2
团队,危重症,2
团队,战疫,2
团队,时间,2
团队,他们,2
团队,标题,2
团队,管理,2
团队,大家,2
成员,,2
来自,,2
,湖北,29
,海南,2
,荆州,4
,捐赠,21
,驰援,8
,批次,2
,医疗队,21
,冷链,3
,海南省,2
,前方,5
,医院,24
,指挥部,7
,远程,4
,专列,2
,蔬菜,5
,运送,3
,第一批,5
,爱心,5
,果蔬,2
,发生,4
,以来,4
,踊跃,3
,负责人,2
,有限公司,7
,完成,2
,医务人员,9
,我们,20
,生活,5
,武汉,28
,社会各界,2
,先后,5
,辽宁,2
,襄阳,2
,保障,7
,万元,11
,救护车,2
,接收,3
,价值,5
,集团,3
,紧缺,3
,累计,9
,负压,2
,对口,7
,亿元,6
,多名,4
,队员,13
,平台,2
,奋战,3
,沈阳,2
,小时,4
,会诊,2
,运输,5
,设备,3
,提供,5
,生产,9
,一线,18
,数据,3
,湖北省,10
,慈善,2
,社会,2
,总价值,2
,款物,2
,应急,2
,企业,7
,如何,2
,安全,2
,迅速,4
,介绍,7
,参与,2
,技术,3
,董事长,2
,处理,2
,包括,2
,问题,2
,复工,4
,对于,3
,火神,3
,神山,3
,一方面,2
,工人,2
,医用,8
,口罩,9
,资金,4
,防护,4
,河南,2
,承担,2
,相关,6
,地区,3
,每天,3
,防护服,6
,价格,2
,决心,2
,必须,2
,立刻,2
,作为,4
,患者,21
,重症,13
,抵达,6
,就是,5
,开展,6
,你们,3
,护目镜,2
,现在,2
,抗疫,8
,医学科,3
,呼吸,3
,一名,4
,医护人员,16
,收治,4
,培训,2
,湖南,2
,黄冈,2
,治疗,10
,目前,8
,其中,11
,治愈,6
,进行,8
,方舱,6
,到达,2
,出院,7
,生命,3
,可以,3
,使用,4
,中药,2
,病例,3
,确诊,5
,新增,3
,现有,2
,以外,2
,省份,3
,人员,5
,措施,3
,全国,9
,已有,2
,正常,3
,优秀,2
,本报,4
,截至,11
,新疆生产建设兵团,2
,死亡,2
,救援,3
,防疫,5
,党员,2
,队伍,2
,突击队,2
,滞留,2
,任务,2
,需要,2
,转运,2
,近日,2
,全部,2
,武汉市,5
,成为,3
,进入,3
,陕西,2
,附属,4
,人民,10
,病区,6
,武汉大学,2
,病情,3
,危重,2
,第一,7
,接管,3
,队长,2
,危重症,4
,一天,2
,陕西省,2
,哪里,2
,广大,2
,行动,3
,组织,4
,联系,2
,采购,3
,供应,3
,战疫,5
,抗击,5
,需求,3
,助力,3
,阻击战,3
,时间,6
,特别,3
,在线,2
,紧急,4
,一个,4
,黑龙江,2
,黑龙江省,2
,隔离,2
,来到,4
,心理,4
,两个,2
,他们,10
,总数,2
,为了,3
,孝感市,2
,托珠,2
,单抗,2
,方案,2
,注射液,2
,临床,2
,诊疗,2
,中国红十字会总会,3
,万支,2
,重型,2
,实验室,3
,检测,3
,日前,2
,福建,2
,首批,2
,金银,2
,标题,6
,医生,3
,经过,2
,今天,2
,出发,2
,进驻,2
,连夜,2
,表示,6
,当地,4
,运往,2
,新鲜,2
,病人,4
,护士,3
,情绪,3
,武钢,2
,自己,4
,希望,2
,告诉,2
,情况,4
,样本,2
,这个,3
,院区,3
,管理,2
,主任,3
,大家,3
,精神,2
,领队,2
,同济,3
,战斗,2
,感染,3
,一批,2
,离开,2
,书记,2
,出征,2
,万粒,2
,万套,2
,部门,3
,河北省,2
,接受,4
,通过,4
,全市,2
,服务平台,2
,制作,2
,加强,2
,疏导,2
,组成,2
,奔赴,2
,专业,2
,援助,5
,山西,2
,山西省,2
,公司,3
,太原,2
,集团公司,2
,以上,2
,新华社,4
,王贤,2
,市场,2
,年月日时,2
,日时,2
,按照,3
,用于,3
,浙江,2
,基金会,2
,支持,5
,运抵,2
,孝感,2
,江苏,2
,红十字,2
,安排,4
,中心医院,4
,十堰,2
,安徽,2
,内蒙古,2
,下午,4
,服务,3
,当天,3
,第二批,2
,满载,2
,这批,3
,共计,5
,以及,2
,指导,2
,国务院,4
,联防,3
,联控,3
,正在,3
,中新网,2
,装车,2
,余家,2
,志愿者,4
,捐款,2
,响应,2
,党中央,2
,号召,2
,共产党员,2
,表达,2
,活动,3
,责编,2
,获悉,3
,此次,3
,监测,2
,工作人员,3
,期间,2
,定点医院,2
,根据,2
,协调,2
,病毒,2
,出来,2
,血浆,2
,调查,2
,前线,2
,余吨,2
,搬运,2
,做好,2
,父亲,2
,一起,4
,送往,2
,机构,2
,比较,2
,通知,2
,逆行,2
,免费,2
,积极,2
,一级,2
,机制,2
,发布会,2
,因为,3
,及时,2
,已经,3
,各地,2
,新区,2
,同时,2
湖北,海南,2
湖北,荆州,3
湖北,捐赠,12
湖北,驰援,5
湖北,批次,2
湖北,医疗队,18
湖北,冷链,2
湖北,海南省,2
湖北,前方,5
湖北,医院,18
湖北,指挥部,7
湖北,远程,3
湖北,专列,2
湖北,蔬菜,3
湖北,运送,2
湖北,第一批,3
湖北,爱心,4
湖北,果蔬,2
湖北,发生,2
湖北,以来,2
湖北,踊跃,2
湖北,有限公司,6
湖北,医务人员,6
湖北,我们,13
湖北,生活,4
湖北,武汉,21
湖北,社会各界,2
湖北,先后,4
湖北,保障,7
湖北,万元,7
湖北,救护车,2
湖北,接收,3
湖北,价值,5
湖北,集团,3
湖北,累计,8
湖北,负压,2
湖北,对口,6
湖北,亿元,4
湖北,多名,4
湖北,队员,12
湖北,奋战,3
湖北,小时,2
湖北,运输,3
湖北,设备,2
湖北,提供,4
湖北,生产,8
湖北,一线,12
湖北,湖北省,8
湖北,社会,2
湖北,款物,2
湖北,应急,2
湖北,企业,6
湖北,如何,2
湖北,介绍,4
湖北,技术,2
湖北,包括,2
湖北,问题,2
湖北,复工,4
湖北,火神,3
湖北,神山,3
湖北,一方面,2
湖北,医用,6
湖北,口罩,5
湖北,资金,3
湖北,防护,3
湖北,相关,2
湖北,地区,2
湖北,每天,2
湖北,防护服,4
湖北,作为,3
湖北,患者,12
湖北,重症,8
湖北,抵达,4
湖北,就是,4
湖北,开展,4
湖北,你们,3
湖北,护目镜,2
湖北,抗疫,5
湖北,医学科,2
湖北,呼吸,3
湖北,一名,2
湖北,医护人员,9
湖北,收治,3
湖北,培训,2
湖北,湖南,2
湖北,黄冈,2
湖北,治疗,5
湖北,目前,5
湖北,其中,7
湖北,治愈,5
湖北,进行,4
湖北,方舱,5
湖北,出院,6
湖北,生命,3
湖北,使用,2
湖北,确诊,2
湖北,人员,5
湖北,措施,2
湖北,全国,3
湖北,正常,2
湖北,本报,2
湖北,截至,7
湖北,防疫,4
湖北,队伍,2
湖北,滞留,2
湖北,任务,2
湖北,近日,2
湖北,全部,2
湖北,武汉市,4
湖北,成为,2
湖北,进入,2
湖北,陕西,2
湖北,附属,3
湖北,人民,6
湖北,病区,6
湖北,病情,3
湖北,第一,3
湖北,接管,3
湖北,队长,2
湖北,危重症,4
湖北,行动,3
湖北,组织,4
湖北,采购,3
湖北,供应,3
湖北,战疫,4
湖北,抗击,4
湖北,需求,3
湖北,助力,2
湖北,阻击战,2
湖北,时间,2
湖北,特别,3
湖北,紧急,3
湖北,一个,3
湖北,黑龙江,2
湖北,黑龙江省,2
湖北,隔离,2
湖北,来到,2
湖北,心理,3
湖北,两个,2
湖北,他们,5
湖北,为了,2
湖北,孝感市,2
湖北,福建,2
湖北,首批,2
湖北,金银,2
湖北,标题,2
湖北,出发,2
湖北,进驻,2
湖北,表示,3
湖北,当地,2
湖北,运往,2
湖北,新鲜,2
湖北,病人,2
湖北,情绪,2
湖北,武钢,2
湖北,自己,2
湖北,情况,2
湖北,这个,2
湖北,管理,2
湖北,主任,2
湖北,同济,3
湖北,一批,2
湖北,出征,2
湖北,万粒,2
湖北,万套,2
湖北,部门,3
湖北,河北省,2
湖北,接受,3
湖北,加强,2
湖北,组成,2
湖北,奔赴,2
湖北,援助,4
湖北,公司,2
湖北,集团公司,2
湖北,按照,2
湖北,支持,3
湖北,运抵,2
湖北,孝感,2
湖北,江苏,2
湖北,安排,3
湖北,中心医院,2
湖北,十堰,2
湖北,安徽,2
湖北,内蒙古,2
湖北,下午,3
湖北,服务,3
湖北,满载,2
湖北,这批,2
湖北,共计,2
湖北,以及,2
湖北,工作人员,2
湖北,余吨,2
湖北,各地,2
海南,荆州,2
海南,医疗队,2
海南,海南省,2
海南,前方,2
海南,医院,2
海南,指挥部,2
海南,第一批,2
海南,医务人员,2
海南,我们,2
海南,武汉,2
荆州,驰援,2
荆州,医疗队,4
荆州,海南省,2
荆州,前方,2
荆州,医院,2
荆州,指挥部,2
荆州,第一批,3
荆州,医务人员,3
荆州,我们,3
荆州,武汉,3
荆州,一线,2
荆州,患者,3
荆州,开展,2
荆州,抗疫,2
荆州,医护人员,2
荆州,援助,2
捐赠,驰援,4
捐赠,医疗队,6
捐赠,冷链,3
捐赠,前方,3
捐赠,医院,10
捐赠,指挥部,6
捐赠,远程,3
捐赠,专列,2
捐赠,蔬菜,4
捐赠,运送,3
捐赠,第一批,2
捐赠,爱心,5
捐赠,果蔬,2
捐赠,发生,3
捐赠,以来,3
捐赠,踊跃,2
捐赠,负责人,2
捐赠,有限公司,4
捐赠,医务人员,3
捐赠,我们,7
捐赠,生活,3
捐赠,武汉,10
捐赠,社会各界,2
捐赠,先后,2
捐赠,保障,5
捐赠,万元,9
捐赠,救护车,2
捐赠,接收,3
捐赠,价值,5
捐赠,集团,2
捐赠,紧缺,3
捐赠,累计,3
捐赠,负压,2
捐赠,对口,4
捐赠,亿元,5
捐赠,队员,4
捐赠,平台,2
捐赠,小时,3
捐赠,运输,4
捐赠,提供,3
捐赠,生产,5
捐赠,一线,9
捐赠,数据,2
捐赠,湖北省,8
捐赠,慈善,2
捐赠,社会,2
捐赠,总价值,2
捐赠,款物,2
捐赠,企业,4
捐赠,复工,3
捐赠,医用,6
捐赠,口罩,6
捐赠,资金,3
捐赠,相关,4
捐赠,防护服,3
捐赠,患者,4
捐赠,重症,3
捐赠,抵达,3
捐赠,抗疫,3
捐赠,医护人员,4
捐赠,治疗,3
捐赠,目前,2
捐赠,其中,5
捐赠,使用,3
捐赠,人员,2
捐赠,全国,4
捐赠,截至,3
捐赠,防疫,2
捐赠,武汉市,2
捐赠,人民,4
捐赠,第一,2
捐赠,组织,4
捐赠,联系,2
捐赠,采购,3
捐赠,抗击,2
捐赠,需求,2
捐赠,助力,2
捐赠,阻击战,2
捐赠,时间,2
捐赠,在线,2
捐赠,紧急,3
捐赠,托珠,2
捐赠,单抗,2
捐赠,注射液,2
捐赠,临床,2
捐赠,中国红十字会总会,3
捐赠,万支,2
捐赠,标题,3
捐赠,表示,3
捐赠,当地,2
捐赠,同济,2
捐赠,一批,2
捐赠,书记,2
捐赠,出征,2
捐赠,万粒,2
捐赠,万套,2
捐赠,部门,2
捐赠,接受,3
捐赠,通过,3
捐赠,援助,3
捐赠,公司,2
捐赠,新华社,2
捐赠,年月日时,2
捐赠,日时,2
捐赠,按照,2
捐赠,用于,3
捐赠,浙江,2
捐赠,基金会,2
捐赠,支持,2
捐赠,运抵,2
捐赠,孝感,2
捐赠,江苏,2
捐赠,红十字,2
捐赠,安排,3
捐赠,中心医院,3
捐赠,十堰,2
捐赠,安徽,2
捐赠,下午,3
捐赠,服务,2
捐赠,当天,2
捐赠,第二批,2
捐赠,满载,2
捐赠,这批,3
捐赠,共计,5
捐赠,以及,2
捐赠,正在,2
捐赠,中新网,2
捐赠,装车,2
捐赠,余家,2
捐赠,志愿者,3
捐赠,获悉,3
捐赠,此次,2
捐赠,工作人员,2
捐赠,根据,2
捐赠,协调,2
捐赠,父亲,2
捐赠,一起,2
捐赠,送往,2
捐赠,机构,2
捐赠,积极,2
驰援,医疗队,6
驰援,冷链,2
驰援,医院,4
驰援,指挥部,2
驰援,专列,2
驰援,第一批,2
驰援,爱心,2
驰援,果蔬,2
驰援,发生,2
驰援,有限公司,2
驰援,完成,2
驰援,我们,4
驰援,生活,3
驰援,武汉,4
驰援,保障,2
驰援,万元,2
驰援,集团,2
驰援,累计,2
驰援,对口,3
驰援,运输,2
驰援,生产,2
驰援,一线,3
驰援,湖北省,2
驰援,企业,2
驰援,医用,3
驰援,患者,4
驰援,抗疫,2
驰援,医护人员,3
驰援,措施,2
驰援,截至,2
驰援,人民,3
驰援,他们,2
驰援,表示,2
驰援,援助,2
驰援,山西,2
驰援,山西省,2
驰援,太原,2
驰援,及时,2
批次,医疗队,2
批次,医院,2
批次,武汉,2
批次,先后,2
医疗队,冷链,2
医疗队,海南省,2
医疗队,前方,4
医疗队,医院,15
医疗队,指挥部,4
医疗队,远程,2
医疗队,专列,2
医疗队,蔬菜,2
医疗队,第一批,4
医疗队,爱心,2
医疗队,果蔬,2
医疗队,发生,2
医疗队,以来,2
医疗队,有限公司,3
医疗队,医务人员,5
医疗队,我们,13
医疗队,生活,5
医疗队,武汉,15
医疗队,先后,4
医疗队,保障,3
医疗队,万元,3
医疗队,价值,2
医疗队,集团,2
医疗队,累计,7
医疗队,对口,6
医疗队,亿元,2
医疗队,多名,2
医疗队,队员,11
医疗队,奋战,2
医疗队,运输,2
医疗队,生产,3
医疗队,一线,7
医疗队,湖北省,3
医疗队,企业,3
医疗队,介绍,4
医疗队,医用,4
医疗队,口罩,4
医疗队,防护,2
医疗队,相关,2
医疗队,防护服,3
医疗队,作为,3
医疗队,患者,15
医疗队,重症,10
医疗队,抵达,3
医疗队,就是,2
医疗队,开展,4
医疗队,你们,3
医疗队,抗疫,3
医疗队,医学科,2
医疗队,呼吸,3
医疗队,一名,3
医疗队,医护人员,9
医疗队,收治,4
医疗队,培训,2
医疗队,湖南,2
医疗队,治疗,6
医疗队,目前,5
医疗队,其中,6
医疗队,治愈,6
医疗队,进行,3
医疗队,方舱,6
医疗队,出院,7
医疗队,生命,3
医疗队,可以,3
医疗队,中药,2
医疗队,病例,2
医疗队,确诊,3
医疗队,新增,2
医疗队,现有,2
医疗队,省份,2
医疗队,人员,3
医疗队,措施,2
医疗队,全国,2
医疗队,本报,3
医疗队,截至,7
医疗队,新疆生产建设兵团,2
医疗队,死亡,2
医疗队,武汉市,2
医疗队,附属,2
医疗队,人民,7
医疗队,病区,6
医疗队,病情,3
医疗队,第一,4
医疗队,接管,3
医疗队,队长,2
医疗队,危重症,4
医疗队,哪里,2
医疗队,行动,2
医疗队,组织,2
医疗队,战疫,3
医疗队,抗击,2
医疗队,需求,2
医疗队,时间,2
医疗队,特别,2
医疗队,紧急,2
医疗队,一个,2
医疗队,黑龙江,2
医疗队,黑龙江省,2
医疗队,来到,2
医疗队,心理,3
医疗队,两个,2
医疗队,他们,5
医疗队,总数,2
医疗队,孝感市,2
医疗队,首批,2
医疗队,金银,2
医疗队,医生,2
医疗队,进驻,2
医疗队,表示,4
医疗队,当地,2
医疗队,病人,3
医疗队,护士,3
医疗队,情绪,2
医疗队,武钢,2
医疗队,自己,2
医疗队,情况,2
医疗队,这个,2
医疗队,管理,2
医疗队,主任,2
医疗队,感染,2
医疗队,离开,2
医疗队,出征,2
医疗队,万粒,2
医疗队,部门,2
医疗队,加强,2
医疗队,组成,2
医疗队,奔赴,2
医疗队,专业,2
医疗队,援助,5
医疗队,下午,2
医疗队,服务,2
医疗队,满载,2
医疗队,这批,2
医疗队,共计,2
医疗队,前线,2
医疗队,因为,2
医疗队,及时,2
冷链,医院,2
冷链,指挥部,2
冷链,专列,2
冷链,第一批,2
冷链,爱心,2
冷链,果蔬,2
冷链,医务人员,2
冷链,我们,2
冷链,生活,2
冷链,武汉,2
冷链,运输,2
冷链,患者,2
冷链,抵达,2
冷链,安排,2
冷链,根据,2
海南省,前方,2
海南省,医院,2
海南省,指挥部,2
海南省,第一批,2
海南省,医务人员,2
海南省,我们,2
海南省,武汉,2
前方,医院,5
前方,指挥部,4
前方,远程,3
前方,蔬菜,2
前方,第一批,2
前方,医务人员,3
前方,我们,4
前方,生活,2
前方,武汉,4
前方,万元,2
前方,对口,2
前方,多名,2
前方,队员,4
前方,奋战,2
前方,一线,2
前方,患者,2
前方,重症,3
前方,抵达,2
前方,你们,2
医院,指挥部,5
医院,远程,4
医院,专列,2
医院,蔬菜,3
医院,运送,2
医院,第一批,3
医院,爱心,3
医院,果蔬,2
医院,发生,3
医院,以来,2
医院,有限公司,4
医院,医务人员,5
医院,我们,16
医院,生活,4
医院,武汉,17
医院,先后,3
医院,辽宁,2
医院,襄阳,2
医院,保障,3
医院,万元,5
医院,救护车,2
医院,价值,4
医院,集团,2
医院,累计,5
医院,负压,2
医院,对口,6
医院,亿元,2
医院,多名,3
医院,队员,12
医院,奋战,3
医院,沈阳,2
医院,小时,2
医院,会诊,2
医院,运输,3
医院,设备,2
医院,提供,2
医院,生产,5
医院,一线,9
医院,湖北省,4
医院,总价值,2
医院,款物,2
医院,企业,4
医院,如何,2
医院,介绍,4
医院,技术,2
医院,包括,2
医院,问题,2
医院,复工,2
医院,对于,2
医院,火神,3
医院,神山,3
医院,一方面,2
医院,医用,3
医院,口罩,4
医院,防护,2
医院,防护服,3
医院,作为,3
医院,患者,14
医院,重症,10
医院,抵达,3
医院,就是,4
医院,开展,3
医院,你们,3
医院,现在,2
医院,抗疫,2
医院,医学科,3
医院,呼吸,3
医院,一名,4
医院,医护人员,10
医院,收治,4
医院,黄冈,2
医院,治疗,6
医院,目前,4
医院,其中,5
医院,治愈,4
医院,进行,4
医院,方舱,6
医院,出院,5
医院,生命,3
医院,可以,2
医院,使用,3
医院,截至,5
医院,武汉市,4
医院,陕西,2
医院,附属,4
医院,人民,8
医院,病区,6
医院,武汉大学,2
医院,病情,3
医院,第一,5
医院,接管,3
医院,队长,2
医院,危重症,4
医院,一天,2
医院,组织,2
医院,战疫,2
医院,抗击,2
医院,时间,3
医院,紧急,2
医院,一个,3
医院,来到,3
医院,心理,2
医院,两个,2
医院,他们,7
医院,诊疗,2
医院,中国红十字会总会,2
医院,实验室,2
医院,检测,2
医院,福建,2
医院,金银,2
医院,标题,3
医院,医生,3
医院,进驻,2
医院,表示,3
医院,当地,3
医院,病人,3
医院,护士,2
医院,武钢,2
医院,自己,4
医院,告诉,2
医院,情况,2
医院,这个,2
医院,院区,3
医院,管理,2
医院,主任,3
医院,大家,2
医院,精神,2
医院,同济,3
医院,战斗,2
医院,感染,3
医院,离开,2
医院,部门,2
医院,接受,2
医院,服务平台,2
医院,援助,2
医院,公司,2
医院,集团公司,2
医院,支持,2
医院,江苏,2
医院,安排,2
医院,中心医院,4
医院,十堰,2
医院,下午,2
医院,满载,2
医院,这批,3
医院,以及,2
医院,正在,2
医院,装车,2
医院,余家,2
医院,志愿者,3
医院,前线,2
医院,一起,4
指挥部,远程,3
指挥部,专列,2
指挥部,蔬菜,3
指挥部,第一批,2
指挥部,爱心,3
指挥部,果蔬,2
指挥部,踊跃,2
指挥部,医务人员,2
指挥部,我们,4
指挥部,生活,3
指挥部,武汉,4
指挥部,社会各界,2
指挥部,保障,2
指挥部,万元,2
指挥部,救护车,2
指挥部,接收,3
指挥部,累计,2
指挥部,负压,2
指挥部,对口,3
指挥部,亿元,2
指挥部,队员,3
指挥部,运输,2
指挥部,一线,2
指挥部,湖北省,4
指挥部,社会,2
指挥部,医用,2
指挥部,患者,2
指挥部,重症,2
指挥部,抵达,3
指挥部,护目镜,2
指挥部,抗疫,2
指挥部,组织,2
指挥部,援助,2
指挥部,下午,2
指挥部,满载,2
指挥部,这批,2
远程,蔬菜,2
远程,医务人员,2
远程,我们,3
远程,生活,2
远程,武汉,2
远程,辽宁,2
远程,襄阳,2
远程,万元,2
远程,对口,2
远程,队员,3
远程,沈阳,2
远程,会诊,2
远程,重症,2
远程,服务平台,2
专列,爱心,2
专列,果蔬,2
专列,我们,2
专列,生活,2
蔬菜,爱心,2
蔬菜,生活,2
蔬菜,万元,2
蔬菜,组织,2
蔬菜,表示,2
蔬菜,支持,2
蔬菜,志愿者,2
蔬菜,父亲,2
运送,爱心,3
运送,有限公司,2
运送,口罩,2
运送,标题,2
运送,公司,2
第一批,医务人员,3
第一批,我们,4
第一批,武汉,4
第一批,队员,2
第一批,一线,2
第一批,作为,2
第一批,患者,4
第一批,重症,3
第一批,抵达,2
第一批,抗疫,2
第一批,医护人员,3
第一批,治疗,2
第一批,他们,2
爱心,果蔬,2
爱心,有限公司,2
爱心,我们,2
爱心,生活,2
爱心,湖北省,3
爱心,口罩,2
爱心,标题,2
爱心,通过,2
爱心,公司,2
果蔬,我们,2
果蔬,生活,2
发生,以来,2
发生,有限公司,2
发生,完成,2
发生,我们,3
发生,武汉,3
发生,患者,2
发生,全国,2
发生,第一,2
发生,标题,2
以来,踊跃,2
以来,有限公司,2
以来,我们,2
以来,武汉,2
以来,万元,2
以来,亿元,2
以来,相关,2
以来,目前,2
以来,全国,2
以来,截至,2
踊跃,武汉,2
踊跃,社会各界,2
踊跃,亿元,2
踊跃,截至,2
踊跃,新华社,2
负责人,我们,2
有限公司,我们,4
有限公司,武汉,6
有限公司,保障,3
有限公司,万元,4
有限公司,价值,2
有限公司,生产,6
有限公司,一线,2
有限公司,湖北省,2
有限公司,企业,5
有限公司,董事长,2
有限公司,复工,3
有限公司,医用,3
有限公司,口罩,3
有限公司,资金,2
有限公司,相关,3
有限公司,地区,3
有限公司,防护服,2
有限公司,万粒,2
有限公司,部门,2
有限公司,河北省,2
有限公司,各地,2
医务人员,我们,4
医务人员,武汉,8
医务人员,先后,2
医务人员,队员,3
医务人员,一线,6
医务人员,迅速,2
医务人员,介绍,3
医务人员,神山,2
医务人员,患者,6
医务人员,重症,5
医务人员,抵达,3
医务人员,开展,2
医务人员,你们,2
医务人员,抗疫,2
医务人员,医学科,2
医务人员,一名,2
医务人员,医护人员,2
医务人员,治疗,2
医务人员,目前,2
医务人员,其中,3
医务人员,治愈,2
医务人员,使用,2
医务人员,本报,2
医务人员,附属,2
医务人员,战疫,2
医务人员,时间,2
医务人员,特别,2
医务人员,心理,2
医务人员,他们,2
医务人员,中国红十字会总会,2
医务人员,情绪,2
医务人员,院区,2
医务人员,主任,2
医务人员,同济,2
医务人员,疏导,2
医务人员,用于,2
医务人员,基金会,2
医务人员,红十字,2
医务人员,安排,2
我们,生活,2
我们,武汉,14
我们,先后,3
我们,辽宁,2
我们,襄阳,2
我们,保障,3
我们,万元,2
我们,救护车,2
我们,价值,3
我们,集团,2
我们,紧缺,2
我们,累计,3
我们,负压,2
我们,对口,5
我们,亿元,3
我们,多名,2
我们,队员,10
我们,奋战,2
我们,沈阳,2
我们,小时,2
我们,会诊,2
我们,运输,3
我们,生产,5
我们,一线,7
我们,湖北省,3
我们,总价值,2
我们,企业,4
我们,如何,2
我们,介绍,4
我们,董事长,2
我们,火神,2
我们,神山,2
我们,工人,2
我们,医用,5
我们,口罩,6
我们,防护,2
我们,相关,2
我们,每天,2
我们,防护服,4
我们,决心,2
我们,必须,2
我们,作为,4
我们,患者,11
我们,重症,6
我们,抵达,2
我们,就是,3
我们,你们,2
我们,现在,2
我们,抗疫,3
我们,医学科,3
我们,呼吸,3
我们,一名,3
我们,医护人员,9
我们,收治,3
我们,治疗,4
我们,目前,2
我们,其中,3
我们,治愈,2
我们,进行,2
我们,方舱,3
我们,出院,3
我们,生命,2
我们,截至,3
我们,武汉市,2
我们,附属,2
我们,人民,8
我们,病区,5
我们,病情,2
我们,第一,5
我们,接管,2
我们,危重症,3
我们,战疫,2
我们,抗击,2
我们,时间,4
我们,一个,3
我们,黑龙江,2
我们,黑龙江省,2
我们,来到,3
我们,心理,2
我们,两个,2
我们,他们,7
我们,为了,2
我们,孝感市,2
我们,首批,2
我们,金银,2
我们,标题,2
我们,医生,3
我们,进驻,2
我们,表示,2
我们,当地,2
我们,病人,3
我们,护士,2
我们,武钢,2
我们,自己,3
我们,告诉,2
我们,情况,2
我们,这个,3
我们,院区,3
我们,管理,2
我们,主任,3
我们,精神,2
我们,领队,2
我们,战斗,2
我们,感染,3
我们,离开,2
我们,出征,2
我们,援助,3
我们,中心医院,2
我们,下午,2
我们,这批,2
我们,正在,2
我们,志愿者,2
我们,此次,2
我们,前线,2
我们,一起,2
我们,逆行,2
我们,因为,3
我们,已经,2
生活,武汉,2
生活,对口,3
生活,运输,2
生活,湖北省,2
生活,患者,3
生活,重症,2
生活,抵达,2
生活,其中,2
生活,治愈,2
生活,出院,2
生活,截至,2
生活,紧急,2
生活,表示,2
生活,援助,2
生活,下午,2
生活,满载,2
生活,这批,2
武汉,社会各界,2
武汉,先后,5
武汉,保障,6
武汉,万元,5
武汉,接收,2
武汉,价值,4
武汉,集团,3
武汉,累计,7
武汉,对口,3
武汉,亿元,4
武汉,多名,4
武汉,队员,9
武汉,奋战,3
武汉,小时,3
武汉,运输,3
武汉,设备,3
武汉,提供,2
武汉,生产,7
武汉,一线,13
武汉,湖北省,5
武汉,社会,2
武汉,总价值,2
武汉,款物,2
武汉,应急,2
武汉,企业,5
武汉,迅速,3
武汉,介绍,4
武汉,董事长,2
武汉,问题,2
武汉,复工,2
武汉,对于,2
武汉,火神,3
武汉,神山,3
武汉,工人,2
武汉,医用,5
武汉,口罩,6
武汉,资金,4
武汉,防护,4
武汉,河南,2
武汉,承担,2
武汉,相关,4
武汉,地区,3
武汉,每天,3
武汉,防护服,4
武汉,必须,2
武汉,立刻,2
武汉,作为,3
武汉,患者,13
武汉,重症,9
武汉,抵达,4
武汉,就是,4
武汉,开展,4
武汉,你们,3
武汉,护目镜,2
武汉,现在,2
武汉,抗疫,4
武汉,呼吸,2
武汉,一名,3
武汉,医护人员,9
武汉,收治,3
武汉,培训,2
武汉,湖南,2
武汉,黄冈,2
武汉,治疗,7
武汉,目前,6
武汉,其中,6
武汉,治愈,5
武汉,进行,4
武汉,方舱,6
武汉,出院,5
武汉,生命,3
武汉,可以,2
武汉,使用,4
武汉,人员,4
武汉,措施,2
武汉,全国,3
武汉,正常,2
武汉,本报,2
武汉,截至,6
武汉,救援,2
武汉,防疫,3
武汉,队伍,2
武汉,突击队,2
武汉,滞留,2
武汉,任务,2
武汉,转运,2
武汉,近日,2
武汉,全部,2
武汉,武汉市,4
武汉,成为,2
武汉,进入,2
武汉,附属,2
武汉,人民,7
武汉,病区,4
武汉,武汉大学,2
武汉,病情,2
武汉,第一,4
武汉,危重症,2
武汉,一天,2
武汉,陕西省,2
武汉,行动,2
武汉,供应,2
武汉,战疫,2
武汉,抗击,4
武汉,时间,2
武汉,特别,2
武汉,黑龙江,2
武汉,黑龙江省,2
武汉,隔离,2
武汉,来到,2
武汉,心理,4
武汉,他们,6
武汉,为了,2
武汉,孝感市,2
武汉,托珠,2
武汉,单抗,2
武汉,注射液,2
武汉,临床,2
武汉,中国红十字会总会,3
武汉,万支,2
武汉,实验室,2
武汉,检测,2
武汉,日前,2
武汉,标题,2
武汉,医生,2
武汉,连夜,2
武汉,表示,2
武汉,病人,3
武汉,护士,2
武汉,情绪,3
武汉,武钢,2
武汉,自己,3
武汉,告诉,2
武汉,情况,2
武汉,这个,2
武汉,院区,2
武汉,主任,2
武汉,精神,2
武汉,同济,2
武汉,离开,2
武汉,出征,2
武汉,万粒,2
武汉,万套,2
武汉,部门,2
武汉,河北省,2
武汉,接受,2
武汉,制作,2
武汉,加强,2
武汉,疏导,2
武汉,组成,2
武汉,奔赴,2
武汉,援助,2
武汉,新华社,2
武汉,王贤,2
武汉,按照,3
武汉,用于,2
武汉,基金会,2
武汉,孝感,2
武汉,红十字,2
武汉,安排,3
武汉,中心医院,3
武汉,安徽,2
武汉,内蒙古,2
武汉,服务,2
武汉,共计,2
武汉,正在,2
武汉,志愿者,2
武汉,定点医院,2
武汉,搬运,2
武汉,做好,2
武汉,一起,2
武汉,通知,2
武汉,各地,2
先后,队员,3
先后,一线,2
先后,患者,3
先后,医护人员,2
先后,治疗,3
先后,方舱,2
先后,人民,2
先后,病区,2
先后,病情,2
先后,第一,2
先后,陕西省,2
先后,心理,2
先后,情绪,2
先后,这个,2
辽宁,襄阳,2
辽宁,队员,2
辽宁,沈阳,2
辽宁,会诊,2
襄阳,队员,2
襄阳,沈阳,2
襄阳,会诊,2
保障,万元,4
保障,接收,2
保障,价值,2
保障,集团,3
保障,累计,4
保障,对口,2
保障,亿元,3
保障,队员,2
保障,提供,2
保障,生产,6
保障,一线,4
保障,湖北省,4
保障,社会,2
保障,企业,4
保障,复工,2
保障,医用,5
保障,口罩,3
保障,资金,2
保障,相关,2
保障,地区,2
保障,防护服,2
保障,抗疫,2
保障,截至,3
保障,防疫,2
保障,行动,2
保障,组织,2
保障,供应,3
保障,抗击,2
保障,助力,2
保障,万粒,2
保障,万套,2
保障,部门,2
保障,河北省,2
保障,各地,2
万元,价值,4
万元,集团,2
万元,累计,2
万元,对口,3
万元,亿元,3
万元,队员,3
万元,平台,2
万元,提供,2
万元,生产,5
万元,一线,6
万元,数据,2
万元,湖北省,3
万元,慈善,2
万元,款物,2
万元,企业,3
万元,复工,2
万元,医用,2
万元,口罩,2
万元,资金,2
万元,相关,3
万元,地区,2
万元,抗疫,2
万元,医护人员,3
万元,目前,2
万元,其中,3
万元,进行,2
万元,全国,2
万元,截至,2
万元,组织,2
万元,同济,2
万元,书记,2
万元,万粒,2
万元,部门,3
万元,河北省,2
万元,接受,2
万元,用于,2
万元,支持,3
万元,江苏,2
万元,中心医院,2
万元,安徽,2
万元,内蒙古,2
万元,服务,2
万元,共计,3
万元,以及,2
万元,获悉,3
万元,期间,2
万元,积极,2
万元,一级,2
万元,各地,2
救护车,负压,2
救护车,对口,2
救护车,运输,2
救护车,湖北省,2
接收,累计,2
接收,亿元,2
接收,湖北省,3
接收,社会,2
价值,对口,2
价值,亿元,3
价值,队员,3
价值,提供,2
价值,生产,3
价值,一线,4
价值,湖北省,2
价值,款物,2
价值,企业,2
价值,口罩,3
价值,人民,2
价值,同济,2
价值,出征,2
价值,接受,2
价值,孝感,2
价值,中心医院,2
集团,累计,3
集团,生产,3
集团,一线,2
集团,湖北省,2
集团,企业,2
集团,医用,2
紧缺,小时,2
紧缺,运输,2
紧缺,口罩,2
累计,对口,2
累计,亿元,2
累计,多名,2
累计,队员,4
累计,奋战,2
累计,小时,2
累计,设备,2
累计,生产,3
累计,一线,3
累计,数据,2
累计,湖北省,4
累计,社会,2
累计,企业,2
累计,介绍,3
累计,医用,3
累计,口罩,2
累计,资金,2
累计,防护,2
累计,患者,4
累计,重症,5
累计,开展,2
累计,医护人员,2
累计,湖南,2
累计,治疗,3
累计,目前,2
累计,其中,5
累计,治愈,3
累计,方舱,2
累计,出院,4
累计,可以,2
累计,中药,2
累计,病例,2
累计,确诊,3
累计,新增,2
累计,现有,2
累计,省份,2
累计,措施,2
累计,全国,2
累计,本报,2
累计,截至,6
累计,新疆生产建设兵团,2
累计,死亡,2
累计,人民,3
累计,病区,2
累计,接管,2
累计,危重症,2
负压,对口,2
负压,运输,2
负压,湖北省,2
对口,亿元,2
对口,队员,4
对口,运输,3
对口,生产,2
对口,一线,2
对口,湖北省,2
对口,医用,2
对口,患者,5
对口,重症,2
对口,抵达,2
对口,医护人员,3
对口,目前,2
对口,其中,2
对口,出院,2
对口,截至,3
对口,人民,3
对口,组织,2
对口,紧急,2
对口,表示,3
对口,当地,2
对口,部门,2
对口,援助,3
对口,下午,2
对口,满载,2
对口,这批,2
亿元,队员,3
亿元,平台,2
亿元,生产,2
亿元,一线,2
亿元,数据,2
亿元,湖北省,2
亿元,慈善,2
亿元,社会,2
亿元,医用,2
亿元,口罩,3
亿元,防护服,2
亿元,其中,2
亿元,进行,2
亿元,全国,2
亿元,截至,4
亿元,出征,2
亿元,万套,2
亿元,新华社,3
亿元,年月日时,2
亿元,共计,2
多名,队员,3
多名,奋战,3
多名,小时,2
多名,湖北省,2
多名,患者,2
多名,重症,2
多名,方舱,2
多名,武汉市,2
多名,附属,2
多名,病区,2
多名,危重症,2
队员,奋战,3
队员,沈阳,2
队员,小时,2
队员,会诊,2
队员,设备,2
队员,生产,2
队员,一线,4
队员,介绍,2
队员,口罩,2
队员,防护,2
队员,防护服,3
队员,作为,3
队员,患者,10
队员,重症,8
队员,抵达,2
队员,就是,2
队员,开展,3
队员,你们,2
队员,医学科,3
队员,呼吸,3
队员,一名,3
队员,医护人员,7
队员,收治,3
队员,治疗,6
队员,目前,3
队员,其中,3
队员,治愈,3
队员,进行,3
队员,方舱,4
队员,出院,4
队员,生命,3
队员,人员,2
队员,截至,3
队员,武汉市,2
队员,附属,3
队员,人民,3
队员,病区,6
队员,病情,2
队员,第一,4
队员,接管,3
队员,危重症,4
队员,组织,2
队员,战疫,2
队员,时间,2
队员,一个,3
队员,黑龙江,2
队员,黑龙江省,2
队员,来到,3
队员,心理,2
队员,两个,2
队员,他们,4
队员,孝感市,2
队员,首批,2
队员,金银,2
队员,进驻,2
队员,表示,2
队员,病人,2
队员,情况,2
队员,这个,3
队员,院区,2
队员,管理,2
队员,主任,2
队员,感染,2
队员,出征,2
队员,部门,2
队员,服务平台,2
队员,援助,2
队员,共计,2
平台,数据,2
平台,慈善,2
奋战,小时,2
奋战,患者,2
奋战,重症,2
奋战,方舱,2
奋战,附属,2
奋战,病区,2
奋战,危重症,2
沈阳,会诊,2
小时,运输,3
小时,一线,2
小时,患者,2
小时,重症,2
小时,治疗,2
小时,协调,2
运输,一线,3
运输,湖北省,2
运输,医用,2
运输,患者,3
运输,抵达,2
运输,其中,2
运输,紧急,2
运输,连夜,2
运输,当地,2
运输,安排,2
运输,下午,2
运输,根据,2
运输,协调,2
设备,一线,2
设备,患者,2
设备,目前,2
提供,生产,3
提供,一线,3
提供,湖北省,3
提供,企业,2
提供,复工,2
提供,就是,2
提供,全国,2
提供,防疫,2
提供,时间,2
提供,他们,3
提供,标题,2
生产,一线,5
生产,湖北省,4
生产,企业,7
生产,介绍,2
生产,董事长,2
生产,复工,4
生产,火神,2
生产,医用,5
生产,口罩,4
生产,资金,2
生产,相关,3
生产,地区,3
生产,防护服,2
生产,抗疫,2
生产,截至,2
生产,防疫,2
生产,行动,2
生产,组织,2
生产,供应,3
生产,抗击,2
生产,助力,2
生产,万粒,2
生产,部门,2
生产,河北省,2
生产,公司,2
生产,集团公司,2
生产,各地,2
一线,湖北省,4
一线,总价值,2
一线,款物,2
一线,企业,3
一线,迅速,2
一线,介绍,3
一线,复工,2
一线,火神,2
一线,医用,2
一线,口罩,3
一线,相关,2
一线,作为,2
一线,患者,6
一线,重症,3
一线,抵达,3
一线,就是,3
一线,开展,2
一线,你们,2
一线,现在,2
一线,抗疫,6
一线,医学科,2
一线,呼吸,2
一线,医护人员,8
一线,收治,2
一线,治疗,2
一线,目前,4
一线,其中,4
一线,治愈,2
一线,出院,2
一线,使用,2
一线,病例,2
一线,确诊,2
一线,新增,2
一线,以外,2
一线,省份,2
一线,人员,2
一线,全国,4
一线,优秀,2
一线,本报,3
一线,截至,3
一线,防疫,2
一线,武汉市,3
一线,进入,2
一线,人民,5
一线,第一,3
一线,行动,3
一线,采购,2
一线,供应,3
一线,战疫,4
一线,抗击,5
一线,需求,2
一线,助力,2
一线,特别,2
一线,紧急,2
一线,心理,2
一线,他们,2
一线,中国红十字会总会,2
一线,福建,2
一线,首批,2
一线,标题,4
一线,医生,2
一线,经过,2
一线,今天,2
一线,出发,2
一线,连夜,2
一线,表示,2
一线,情绪,2
一线,自己,2
一线,同济,2
一线,制作,2
一线,疏导,2
一线,组成,2
一线,奔赴,2
一线,援助,2
一线,山西,2
一线,山西省,2
一线,公司,2
一线,太原,2
一线,集团公司,2
一线,用于,2
一线,基金会,2
一线,孝感,2
一线,红十字,2
一线,安排,2
一线,中心医院,3
一线,内蒙古,2
一线,共计,3
一线,中新网,2
一线,志愿者,2
一线,获悉,2
一线,定点医院,2
一线,搬运,2
一线,一起,2
一线,积极,2
一线,一级,2
数据,湖北省,2
数据,慈善,2
数据,其中,2
数据,全国,2
数据,截至,2
湖北省,社会,2
湖北省,总价值,2
湖北省,企业,3
湖北省,复工,3
湖北省,医用,4
湖北省,口罩,2
湖北省,资金,2
湖北省,患者,2
湖北省,抵达,2
湖北省,抗疫,2
湖北省,其中,2
湖北省,全国,4
湖北省,截至,2
湖北省,防疫,2
湖北省,全部,2
湖北省,武汉市,2
湖北省,人民,2
湖北省,组织,2
湖北省,采购,2
湖北省,需求,2
湖北省,阻击战,2
湖北省,标题,2
湖北省,按照,2
湖北省,中心医院,2
湖北省,这批,2
湖北省,正在,2
湖北省,志愿者,2
企业,介绍,2
企业,董事长,2
企业,复工,4
企业,火神,2
企业,医用,5
企业,口罩,4
企业,资金,2
企业,相关,3
企业,地区,2
企业,防护服,2
企业,截至,2
企业,防疫,2
企业,行动,2
企业,组织,2
企业,供应,2
企业,万粒,2
企业,公司,2
企业,集团公司,2
安全,技术,2
迅速,参与,2
迅速,处理,2
迅速,患者,2
迅速,抵达,2
介绍,对于,2
介绍,火神,2
介绍,患者,4
介绍,重症,4
介绍,开展,2
介绍,抗疫,2
介绍,医学科,2
介绍,一名,2
介绍,医护人员,2
介绍,治疗,3
介绍,目前,2
介绍,其中,2
介绍,治愈,2
介绍,出院,2
介绍,病例,2
介绍,确诊,2
介绍,新增,2
介绍,现有,2
介绍,省份,2
介绍,全国,2
介绍,本报,2
介绍,截至,4
介绍,新疆生产建设兵团,2
介绍,死亡,2
介绍,情况,2
介绍,主任,2
介绍,国务院,2
介绍,联防,2
介绍,联控,2
参与,处理,2
技术,包括,2
技术,一方面,2
技术,当天,2
包括,一方面,2
复工,医用,2
对于,患者,2
对于,重症,2
对于,治疗,2
火神,神山,2
火神,人民,2
神山,其中,2
神山,同济,2
医用,口罩,5
医用,资金,3
医用,防护,2
医用,相关,3
医用,地区,2
医用,防护服,3
医用,患者,2
医用,其中,2
医用,截至,3
医用,防疫,2
医用,人民,2
医用,行动,2
医用,组织,2
医用,供应,2
医用,需求,2
医用,阻击战,2
医用,时间,2
医用,紧急,2
医用,万粒,2
医用,万套,2
医用,下午,2
口罩,资金,2
口罩,防护,2
口罩,相关,2
口罩,防护服,4
口罩,必须,2
口罩,患者,2
口罩,医护人员,2
口罩,其中,2
口罩,截至,3
口罩,防疫,2
口罩,人民,3
口罩,第一,2
口罩,时间,2
口罩,他们,2
口罩,标题,2
口罩,自己,2
口罩,离开,2
口罩,出征,2
口罩,万套,2
口罩,公司,3
口罩,集团公司,2
口罩,中心医院,2
口罩,一起,2
口罩,因为,2
口罩,已经,2
资金,防护,2
资金,河南,2
资金,承担,2
资金,相关,2
资金,地区,2
资金,防护服,2
资金,其中,2
资金,安徽,2
防护,防护服,3
防护,患者,2
防护,重症,2
防护,其中,3
防护,治愈,2
防护,方舱,2
防护,生命,2
河南,承担,2
相关,地区,2
相关,防护服,2
相关,患者,3
相关,治疗,2
相关,目前,3
相关,截至,2
相关,情况,2
相关,万粒,2
相关,接受,2
相关,国务院,2
相关,联防,2
相关,联控,2
相关,机制,2
相关,发布会,2
地区,各地,2
每天,立刻,2
每天,就是,2
每天,他们,2
防护服,作为,2
防护服,患者,3
防护服,呼吸,2
防护服,其中,2
防护服,截至,2
防护服,病区,2
防护服,危重症,2
防护服,金银,2
防护服,标题,2
防护服,万套,2
作为,患者,3
作为,重症,2
作为,医学科,2
作为,呼吸,2
作为,医护人员,3
作为,收治,2
作为,病区,2
作为,两个,2
患者,重症,11
患者,抵达,4
患者,就是,2
患者,开展,5
患者,你们,3
患者,抗疫,2
患者,医学科,3
患者,呼吸,3
患者,一名,4
患者,医护人员,9
患者,收治,4
患者,治疗,9
患者,目前,6
患者,其中,5
患者,治愈,5
患者,进行,4
患者,方舱,6
患者,出院,6
患者,生命,3
患者,可以,3
患者,使用,3
患者,中药,2
患者,确诊,3
患者,全国,2
患者,本报,2
患者,截至,6
患者,武汉市,2
患者,进入,2
患者,附属,3
患者,人民,5
患者,病区,6
患者,病情,3
患者,危重,2
患者,第一,5
患者,接管,3
患者,队长,2
患者,危重症,4
患者,陕西省,2
患者,哪里,2
患者,战疫,4
患者,需求,2
患者,时间,4
患者,特别,2
患者,一个,3
患者,来到,3
患者,心理,4
患者,两个,2
患者,他们,7
患者,总数,2
患者,托珠,2
患者,单抗,2
患者,方案,2
患者,注射液,2
患者,临床,2
患者,诊疗,2
患者,中国红十字会总会,2
患者,万支,2
患者,重型,2
患者,实验室,3
患者,检测,3
患者,日前,2
患者,金银,2
患者,标题,3
患者,医生,2
患者,经过,2
患者,进驻,2
患者,连夜,2
患者,表示,3
患者,当地,2
患者,病人,4
患者,护士,3
患者,情绪,3
患者,自己,2
患者,情况,3
患者,样本,2
患者,这个,2
患者,院区,2
患者,管理,2
患者,主任,2
患者,大家,2
患者,感染,3
患者,离开,2
患者,接受,2
患者,疏导,2
患者,专业,2
患者,援助,3
患者,安排,2
患者,国务院,2
患者,联防,2
患者,联控,2
患者,根据,2
患者,血浆,2
患者,前线,2
患者,因为,2
患者,已经,2
重症,抵达,3
重症,开展,3
重症,你们,2
重症,抗疫,2
重症,医学科,2
重症,一名,4
重症,医护人员,6
重症,收治,3
重症,治疗,7
重症,目前,3
重症,其中,5
重症,治愈,5
重症,进行,3
重症,方舱,4
重症,出院,5
重症,生命,2
重症,可以,3
重症,使用,3
重症,中药,2
重症,病例,2
重症,确诊,3
重症,新增,2
重症,现有,2
重症,省份,2
重症,人员,2
重症,全国,2
重症,本报,2
重症,截至,4
重症,新疆生产建设兵团,2
重症,死亡,2
重症,附属,3
重症,人民,3
重症,病区,4
重症,第一,3
重症,接管,2
重症,危重症,3
重症,时间,3
重症,一个,2
重症,来到,2
重症,他们,4
重症,总数,2
重症,托珠,2
重症,单抗,2
重症,注射液,2
重症,临床,2
重症,诊疗,2
重症,中国红十字会总会,2
重症,万支,2
重症,病人,2
重症,护士,2
重症,院区,2
重症,管理,2
重症,主任,2
重症,感染,3
重症,服务平台,2
重症,第二批,2
重症,共计,2
抵达,人员,2
抵达,救援,2
抵达,突击队,2
抵达,转运,2
抵达,进入,2
抵达,援助,2
抵达,安排,2
抵达,下午,2
抵达,第二批,2
抵达,满载,2
抵达,这批,2
抵达,共计,2
抵达,根据,2
就是,现在,2
就是,抗疫,2
就是,医护人员,3
就是,他们,4
就是,自己,3
就是,告诉,2
就是,一起,2
开展,一名,2
开展,医护人员,2
开展,收治,2
开展,治疗,3
开展,目前,2
开展,其中,2
开展,进行,2
开展,方舱,2
开展,截至,3
开展,危重,2
你们,医护人员,2
你们,其中,2
你们,治愈,2
你们,方舱,2
现在,抗疫,2
现在,医护人员,2
抗疫,医护人员,5
抗疫,全国,2
抗疫,优秀,2
抗疫,人民,2
抗疫,组织,2
抗疫,采购,2
抗疫,供应,2
抗疫,抗击,3
抗疫,助力,2
抗疫,他们,2
抗疫,志愿者,2
抗疫,活动,2
抗疫,工作人员,2
抗疫,逆行,2
医学科,呼吸,2
医学科,一名,2
医学科,医护人员,3
医学科,收治,2
医学科,第一,2
呼吸,医护人员,2
呼吸,收治,2
一名,医护人员,4
一名,收治,2
一名,治疗,2
一名,方舱,2
一名,附属,2
一名,人民,2
一名,第一,3
一名,时间,2
一名,他们,2
一名,感染,2
医护人员,收治,3
医护人员,治疗,4
医护人员,目前,3
医护人员,其中,3
医护人员,治愈,2
医护人员,进行,4
医护人员,方舱,3
医护人员,出院,3
医护人员,确诊,2
医护人员,人员,2
医护人员,截至,3
医护人员,武汉市,2
医护人员,附属,2
医护人员,人民,6
医护人员,病区,4
医护人员,武汉大学,2
医护人员,第一,5
医护人员,接管,3
医护人员,危重症,3
医护人员,一天,2
医护人员,哪里,2
医护人员,战疫,2
医护人员,抗击,4
医护人员,时间,2
医护人员,一个,2
医护人员,黑龙江,2
医护人员,黑龙江省,2
医护人员,隔离,2
医护人员,来到,2
医护人员,两个,2
医护人员,他们,6
医护人员,为了,2
医护人员,孝感市,2
医护人员,首批,2
医护人员,医生,3
医护人员,今天,2
医护人员,出发,2
医护人员,表示,4
医护人员,当地,3
医护人员,自己,2
医护人员,这个,2
医护人员,院区,2
医护人员,战斗,2
医护人员,感染,3
医护人员,援助,2
医护人员,共计,2
医护人员,志愿者,2
医护人员,获悉,2
医护人员,工作人员,2
医护人员,一起,3
医护人员,逆行,2
医护人员,一级,2
医护人员,因为,2
收治,方舱,2
收治,可以,2
收治,第一,2
收治,医生,2
黄冈,其中,2
黄冈,使用,2
治疗,目前,3
治疗,其中,2
治疗,治愈,3
治疗,进行,3
治疗,方舱,3
治疗,出院,4
治疗,生命,2
治疗,可以,2
治疗,使用,3
治疗,中药,2
治疗,截至,3
治疗,附属,2
治疗,人民,2
治疗,病区,3
治疗,病情,2
治疗,危重,2
治疗,第一,3
治疗,一个,2
治疗,黑龙江,2
治疗,黑龙江省,2
治疗,来到,3
治疗,心理,2
治疗,他们,3
治疗,总数,2
治疗,孝感市,2
治疗,托珠,2
治疗,单抗,2
治疗,方案,2
治疗,注射液,2
治疗,临床,2
治疗,中国红十字会总会,2
治疗,万支,2
治疗,重型,2
治疗,实验室,2
治疗,检测,2
治疗,表示,2
治疗,病人,2
治疗,护士,2
治疗,情况,3
治疗,这个,3
治疗,共计,2
治疗,国务院,2
治疗,联防,2
治疗,联控,2
目前,其中,4
目前,治愈,4
目前,进行,3
目前,方舱,2
目前,出院,4
目前,病例,2
目前,确诊,2
目前,新增,2
目前,以外,2
目前,省份,2
目前,全国,2
目前,本报,2
目前,截至,4
目前,心理,2
目前,表示,2
目前,接受,2
目前,国务院,2
目前,联防,2
目前,联控,2
目前,机制,2
目前,发布会,2
其中,治愈,5
其中,进行,3
其中,方舱,3
其中,出院,5
其中,生命,2
其中,可以,2
其中,使用,2
其中,中药,2
其中,病例,3
其中,确诊,4
其中,新增,3
其中,现有,2
其中,以外,2
其中,省份,3
其中,全国,4
其中,本报,3
其中,截至,6
其中,新疆生产建设兵团,2
其中,死亡,2
其中,人民,2
其中,病区,2
其中,危重症,2
其中,时间,2
其中,紧急,2
其中,当地,3
其中,管理,2
其中,领队,2
其中,同济,2
其中,新华社,2
其中,年月日时,2
其中,日时,2
其中,用于,2
其中,浙江,2
其中,国务院,2
其中,联防,2
其中,联控,2
其中,获悉,2
其中,此次,2
治愈,进行,3
治愈,方舱,3
治愈,出院,5
治愈,生命,2
治愈,可以,2
治愈,中药,2
治愈,病例,2
治愈,确诊,2
治愈,新增,2
治愈,现有,2
治愈,省份,2
治愈,全国,2
治愈,本报,2
治愈,截至,3
治愈,新疆生产建设兵团,2
治愈,死亡,2
治愈,病区,2
治愈,他们,2
治愈,总数,2
进行,方舱,2
进行,出院,3
进行,全国,2
进行,正常,2
进行,截至,3
进行,隔离,2
进行,来到,2
进行,他们,3
进行,为了,2
进行,通过,2
进行,全市,2
进行,新华社,2
进行,支持,2
进行,监测,2
方舱,出院,3
方舱,生命,3
方舱,可以,2
方舱,截至,2
方舱,附属,2
方舱,人民,2
方舱,病区,3
方舱,病情,2
方舱,第一,2
方舱,危重症,2
方舱,时间,2
方舱,他们,3
方舱,病人,3
方舱,护士,2
方舱,自己,2
出院,生命,2
出院,可以,2
出院,中药,2
出院,病例,2
出院,确诊,3
出院,新增,2
出院,现有,2
出院,省份,2
出院,全国,2
出院,本报,2
出院,截至,4
出院,新疆生产建设兵团,2
出院,死亡,2
出院,病区,3
出院,一个,2
出院,来到,2
出院,心理,2
出院,他们,2
出院,总数,2
出院,当地,2
出院,护士,2
生命,病区,2
生命,他们,2
生命,病人,2
可以,中药,2
可以,护士,2
使用,托珠,2
使用,单抗,2
使用,注射液,2
使用,临床,2
使用,中国红十字会总会,3
使用,万支,2
使用,用于,2
使用,基金会,2
使用,红十字,2
使用,安排,2
病例,确诊,3
病例,新增,3
病例,现有,2
病例,以外,2
病例,省份,3
病例,全国,3
病例,本报,3
病例,截至,2
病例,新疆生产建设兵团,2
病例,死亡,2
病例,国务院,2
病例,联防,2
病例,联控,2
确诊,新增,3
确诊,现有,2
确诊,以外,2
确诊,省份,3
确诊,措施,2
确诊,全国,4
确诊,本报,3
确诊,截至,3
确诊,新疆生产建设兵团,2
确诊,死亡,2
确诊,国务院,2
确诊,联防,2
确诊,联控,2
新增,现有,2
新增,以外,2
新增,省份,3
新增,全国,3
新增,本报,3
新增,截至,2
新增,新疆生产建设兵团,2
新增,死亡,2
新增,国务院,2
新增,联防,2
新增,联控,2
现有,省份,2
现有,全国,2
现有,本报,2
现有,截至,2
现有,新疆生产建设兵团,2
现有,死亡,2
以外,省份,2
以外,全国,2
以外,本报,2
省份,全国,3
省份,本报,3
省份,截至,2
省份,新疆生产建设兵团,2
省份,死亡,2
省份,国务院,2
省份,联防,2
省份,联控,2
人员,全国,2
人员,正常,2
人员,防疫,2
人员,滞留,2
人员,表示,2
人员,援助,2
人员,下午,2
人员,服务,2
人员,共计,2
措施,全国,2
全国,已有,2
全国,本报,3
全国,截至,4
全国,新疆生产建设兵团,2
全国,死亡,2
全国,防疫,2
全国,党员,2
全国,武汉市,2
全国,第一,2
全国,广大,2
全国,时间,2
全国,标题,2
全国,新华社,2
全国,国务院,2
全国,联防,2
全国,联控,2
全国,获悉,2
已有,截至,2
本报,截至,2
本报,新疆生产建设兵团,2
本报,死亡,2
本报,专业,2
本报,国务院,2
本报,联防,2
本报,联控,2
截至,新疆生产建设兵团,2
截至,死亡,2
截至,人民,3
截至,病区,2
截至,危重,2
截至,接管,2
截至,危重症,2
截至,表示,2
截至,当地,2
截至,万套,2
截至,接受,2
截至,以上,2
截至,新华社,3
截至,年月日时,2
截至,国务院,2
截至,联防,2
截至,联控,2
新疆生产建设兵团,死亡,2
救援,突击队,2
救援,转运,2
救援,进入,2
防疫,滞留,2
防疫,成为,2
防疫,行动,2
防疫,供应,2
防疫,助力,2
防疫,在线,2
防疫,公司,2
突击队,转运,2
突击队,进入,2
任务,武汉市,2
转运,进入,2
武汉市,进入,2
武汉市,人民,3
武汉市,病区,2
武汉市,第一,3
武汉市,接管,2
武汉市,危重症,2
武汉市,福建,2
武汉市,标题,2
武汉市,中心医院,2
成为,来到,2
进入,战疫,2
进入,标题,2
陕西,附属,2
附属,病区,2
附属,第一,2
附属,危重症,2
附属,时间,2
附属,他们,3
附属,院区,2
附属,主任,2
附属,同济,2
人民,病区,2
人民,武汉大学,2
人民,病情,2
人民,第一,4
人民,接管,2
人民,队长,2
人民,危重症,2
人民,一天,2
人民,哪里,2
人民,抗击,2
人民,他们,3
人民,医生,2
人民,表示,2
人民,自己,2
人民,战斗,2
人民,感染,2
人民,援助,3
人民,孝感,2
人民,安排,2
人民,中心医院,3
人民,十堰,2
人民,这批,2
人民,正在,2
人民,志愿者,2
人民,前线,2
人民,一起,2
人民,逆行,2
人民,因为,2
病区,病情,2
病区,第一,2
病区,接管,3
病区,危重症,4
病区,战疫,2
病区,一个,2
病区,来到,2
病区,心理,2
病区,两个,2
病区,他们,3
病区,金银,2
病区,进驻,2
病区,病人,2
病区,管理,2
武汉大学,一天,2
病情,队长,2
第一,接管,2
第一,危重症,2
第一,时间,3
第一,他们,3
第一,首批,2
第一,标题,3
第一,医生,2
第一,这个,2
第一,感染,2
第一,中心医院,2
第一,正在,2
第一,病毒,2
接管,危重症,3
接管,战疫,2
危重症,战疫,2
危重症,金银,2
危重症,管理,2
行动,供应,2
行动,战疫,2
行动,需求,2
行动,特别,2
组织,采购,2
组织,紧急,2
组织,一批,2
组织,部门,2
组织,接受,2
采购,接受,2
采购,运抵,2
供应,抗击,2
供应,助力,2
战疫,需求,2
战疫,特别,2
战疫,一个,2
战疫,心理,2
战疫,标题,2
战疫,情绪,2
战疫,疏导,2
抗击,助力,2
抗击,紧急,2
抗击,表示,2
需求,阻击战,2
需求,特别,2
需求,援助,2
助力,在线,2
时间,特别,2
时间,紧急,2
时间,一个,2
时间,他们,4
时间,病人,2
时间,院区,2
时间,主任,2
时间,大家,2
时间,领队,2
时间,感染,2
时间,当天,2
时间,因为,2
时间,已经,2
紧急,表示,2
紧急,当地,2
紧急,下午,2
紧急,当天,2
一个,来到,2
一个,他们,2
一个,情况,2
一个,这个,2
一个,感染,2
黑龙江,黑龙江省,2
黑龙江,孝感市,2
黑龙江省,孝感市,2
隔离,他们,2
隔离,为了,2
来到,心理,2
来到,他们,3
来到,希望,2
来到,情况,2
来到,这个,2
来到,通过,2
心理,他们,2
心理,情绪,3
心理,疏导,2
他们,为了,2
他们,实验室,2
他们,检测,2
他们,标题,2
他们,医生,2
他们,病人,3
他们,护士,2
他们,自己,4
他们,告诉,2
他们,情况,2
他们,样本,2
他们,这个,2
他们,院区,3
他们,主任,2
他们,大家,2
他们,精神,2
他们,同济,2
他们,感染,2
他们,中心医院,2
他们,一起,3
他们,逆行,2
他们,免费,2
他们,因为,2
为了,下午,2
托珠,单抗,2
托珠,注射液,2
托珠,临床,2
托珠,中国红十字会总会,2
托珠,万支,2
单抗,注射液,2
单抗,临床,2
单抗,中国红十字会总会,2
单抗,万支,2
方案,重型,2
注射液,临床,2
注射液,中国红十字会总会,2
注射液,万支,2
临床,中国红十字会总会,2
临床,万支,2
中国红十字会总会,万支,2
中国红十字会总会,用于,2
中国红十字会总会,基金会,2
中国红十字会总会,红十字,2
中国红十字会总会,安排,2
实验室,检测,3
实验室,样本,2
检测,样本,2
标题,公司,2
标题,中心医院,2
医生,自己,2
医生,一起,2
表示,当地,2
表示,援助,3
表示,共计,2
表示,比较,2
当地,送往,2
运往,新鲜,2
病人,护士,2
病人,自己,2
病人,情况,2
病人,已经,2
护士,自己,2
情绪,疏导,2
自己,告诉,2
自己,中心医院,2
自己,一起,3
情况,这个,2
院区,主任,2
院区,精神,2
大家,出来,2
同济,中心医院,2
一批,接受,2
部门,河北省,2
接受,运抵,2
组成,奔赴,2
组成,援助,2
奔赴,援助,2
援助,下午,2
援助,满载,2
援助,这批,2
援助,共计,2
山西,山西省,2
山西,太原,2
山西省,太原,2
公司,集团公司,2
新华社,王贤,2
新华社,年月日时,2
用于,基金会,2
用于,红十字,2
用于,安排,2
用于,共计,2
基金会,红十字,2
基金会,安排,2
支持,江苏,2
支持,捐款,2
支持,响应,2
支持,党中央,2
支持,号召,2
支持,责编,2
红十字,安排,2
安排,十堰,2
安排,下午,2
安排,根据,2
中心医院,正在,2
中心医院,一起,2
下午,服务,2
下午,当天,2
下午,满载,2
下午,这批,2
第二批,共计,2
满载,这批,2
共计,获悉,2
国务院,联防,3
国务院,联控,3
国务院,机制,2
国务院,发布会,2
联防,联控,3
联防,机制,2
联防,发布会,2
联控,机制,2
联控,发布会,2
正在,志愿者,2
装车,余家,2
装车,志愿者,2
余家,志愿者,2
志愿者,父亲,2
志愿者,一起,2
捐款,响应,2
捐款,党中央,2
捐款,号召,2
捐款,责编,2
响应,党中央,2
响应,号召,2
响应,责编,2
党中央,号召,2
党中央,责编,2
号召,责编,2
表达,活动,2
此次,因为,2
机制,发布会,2
因为,已经,2
